obsUnitId,collectionDate,NDVI,SPAD,plot_maxheight_cm,plot_maxwidth_cm
TTADDA_NARO_2023_F1P1,2023-06-06,,,3.25,19.0
TTADDA_NARO_2023_F1P1,2023-06-07,0.23,,,
TTADDA_NARO_2023_F1P1,2023-06-11,,,8.75,33.5
TTADDA_NARO_2023_F1P1,2023-06-12,0.44,50.45,,
TTADDA_NARO_2023_F1P1,2023-06-17,,,19.75,40.75
TTADDA_NARO_2023_F1P1,2023-06-19,0.42,,,
TTADDA_NARO_2023_F1P1,2023-06-20,,47.775,,
TTADDA_NARO_2023_F1P1,2023-06-24,,,29.75,62.5
TTADDA_NARO_2023_F1P1,2023-06-26,0.47,,,
TTADDA_NARO_2023_F1P1,2023-06-27,,54.7,,
TTADDA_NARO_2023_F1P1,2023-07-02,,,44.5,65.5
TTADDA_NARO_2023_F1P1,2023-07-04,0.825,51.525,,
TTADDA_NARO_2023_F1P1,2023-07-08,,,51.5,65.0
TTADDA_NARO_2023_F1P1,2023-07-09,0.88,,,
TTADDA_NARO_2023_F1P1,2023-07-11,,43.25,,
TTADDA_NARO_2023_F1P1,2023-07-16,,,52.25,70.0
TTADDA_NARO_2023_F1P1,2023-07-18,,36.425,,
TTADDA_NARO_2023_F1P1,2023-07-19,0.855,,,
TTADDA_NARO_2023_F1P1,2023-07-22,,,60.0,67.5
TTADDA_NARO_2023_F1P1,2023-07-24,0.815,34.275,,
TTADDA_NARO_2023_F1P1,2023-07-29,,,67.5,70.0
TTADDA_NARO_2023_F1P1,2023-08-01,0.685,25.675,,
TTADDA_NARO_2023_F1P1,2023-08-05,,,60.0,72.5
TTADDA_NARO_2023_F1P1,2023-08-06,0.625,,,
TTADDA_NARO_2023_F1P1,2023-08-09,,19.925,,
TTADDA_NARO_2023_F1P1,2023-08-12,0.565,,60.0,67.5
TTADDA_NARO_2023_F1P1,2023-08-15,,10.275,,
TTADDA_NARO_2023_F1P1,2023-08-19,0.505,,40.0,55.0
TTADDA_NARO_2023_F1P1,2023-08-22,,6.685,,
TTADDA_NARO_2023_F1P1,2023-08-27,,,0.0,0.0
TTADDA_NARO_2023_F1P1,2023-08-29,,0.0,,
TTADDA_NARO_2023_F1P1,2023-09-04,,,0.0,0.0
TTADDA_NARO_2023_F1P1,2023-09-11,,,,
TTADDA_NARO_2023_F1P2,2023-06-06,,,3.25,20.75
TTADDA_NARO_2023_F1P2,2023-06-07,0.225,,,
TTADDA_NARO_2023_F1P2,2023-06-11,,,6.25,33.0
TTADDA_NARO_2023_F1P2,2023-06-12,0.49,52.975,,
TTADDA_NARO_2023_F1P2,2023-06-17,,,14.75,40.0
TTADDA_NARO_2023_F1P2,2023-06-19,0.39,,,
TTADDA_NARO_2023_F1P2,2023-06-20,,50.675,,
TTADDA_NARO_2023_F1P2,2023-06-24,,,26.5,56.5
TTADDA_NARO_2023_F1P2,2023-06-26,0.465,,,
TTADDA_NARO_2023_F1P2,2023-06-27,,55.675,,
TTADDA_NARO_2023_F1P2,2023-07-02,,,36.5,67.5
TTADDA_NARO_2023_F1P2,2023-07-04,0.8,49.6,,
TTADDA_NARO_2023_F1P2,2023-07-08,,,47.75,63.75
TTADDA_NARO_2023_F1P2,2023-07-09,0.845,,,
TTADDA_NARO_2023_F1P2,2023-07-11,,43.225,,
TTADDA_NARO_2023_F1P2,2023-07-16,,,52.5,68.75
TTADDA_NARO_2023_F1P2,2023-07-18,,38.375,,
TTADDA_NARO_2023_F1P2,2023-07-19,0.86,,,
TTADDA_NARO_2023_F1P2,2023-07-22,,,60.0,67.5
TTADDA_NARO_2023_F1P2,2023-07-24,0.795,33.75,,
TTADDA_NARO_2023_F1P2,2023-07-29,,,65.0,70.0
TTADDA_NARO_2023_F1P2,2023-08-01,0.695,20.075,,
TTADDA_NARO_2023_F1P2,2023-08-05,,,57.5,70.0
TTADDA_NARO_2023_F1P2,2023-08-06,0.695,,,
TTADDA_NARO_2023_F1P2,2023-08-09,,16.595,,
TTADDA_NARO_2023_F1P2,2023-08-12,0.575,,62.5,70.0
TTADDA_NARO_2023_F1P2,2023-08-15,,12.675,,
TTADDA_NARO_2023_F1P2,2023-08-19,0.42,,25.0,12.5
TTADDA_NARO_2023_F1P2,2023-08-22,,4.475,,
TTADDA_NARO_2023_F1P2,2023-08-27,,,0.0,0.0
TTADDA_NARO_2023_F1P2,2023-08-29,,0.0,,
TTADDA_NARO_2023_F1P2,2023-09-04,,,0.0,0.0
TTADDA_NARO_2023_F1P2,2023-09-11,,,,
TTADDA_NARO_2023_F1P3,2023-06-06,,,2.25,18.0
TTADDA_NARO_2023_F1P3,2023-06-07,0.195,,,
TTADDA_NARO_2023_F1P3,2023-06-11,,,5.25,24.75
TTADDA_NARO_2023_F1P3,2023-06-12,0.33,54.15,,
TTADDA_NARO_2023_F1P3,2023-06-17,,,19.25,38.5
TTADDA_NARO_2023_F1P3,2023-06-19,0.44,,,
TTADDA_NARO_2023_F1P3,2023-06-20,,47.125,,
TTADDA_NARO_2023_F1P3,2023-06-24,,,24.0,51.25
TTADDA_NARO_2023_F1P3,2023-06-26,0.47,,,
TTADDA_NARO_2023_F1P3,2023-06-27,,52.375,,
TTADDA_NARO_2023_F1P3,2023-07-02,,,41.0,65.0
TTADDA_NARO_2023_F1P3,2023-07-04,0.84,45.525,,
TTADDA_NARO_2023_F1P3,2023-07-08,,,51.25,67.5
TTADDA_NARO_2023_F1P3,2023-07-09,0.845,,,
TTADDA_NARO_2023_F1P3,2023-07-11,,37.95,,
TTADDA_NARO_2023_F1P3,2023-07-16,,,52.0,71.25
TTADDA_NARO_2023_F1P3,2023-07-18,,34.25,,
TTADDA_NARO_2023_F1P3,2023-07-19,0.865,,,
TTADDA_NARO_2023_F1P3,2023-07-22,,,52.5,72.5
TTADDA_NARO_2023_F1P3,2023-07-24,0.855,35.325,,
TTADDA_NARO_2023_F1P3,2023-07-29,,,60.0,65.0
TTADDA_NARO_2023_F1P3,2023-08-01,0.835,29.65,,
TTADDA_NARO_2023_F1P3,2023-08-05,,,60.0,72.5
TTADDA_NARO_2023_F1P3,2023-08-06,0.77,,,
TTADDA_NARO_2023_F1P3,2023-08-09,,21.175,,
TTADDA_NARO_2023_F1P3,2023-08-12,0.715,,55.0,67.5
TTADDA_NARO_2023_F1P3,2023-08-15,,21.375,,
TTADDA_NARO_2023_F1P3,2023-08-19,0.68,,60.0,67.5
TTADDA_NARO_2023_F1P3,2023-08-22,,16.475,,
TTADDA_NARO_2023_F1P3,2023-08-27,0.435,,55.0,57.5
TTADDA_NARO_2023_F1P3,2023-08-29,,13.625,,
TTADDA_NARO_2023_F1P3,2023-09-04,0.3,,30.0,2.5
TTADDA_NARO_2023_F1P3,2023-09-11,,,,
TTADDA_NARO_2023_F1P4,2023-06-06,,,2.75,20.0
TTADDA_NARO_2023_F1P4,2023-06-07,0.18,,,
TTADDA_NARO_2023_F1P4,2023-06-11,,,4.5,25.5
TTADDA_NARO_2023_F1P4,2023-06-12,0.26,51.725,,
TTADDA_NARO_2023_F1P4,2023-06-17,,,13.5,40.5
TTADDA_NARO_2023_F1P4,2023-06-19,0.39,,,
TTADDA_NARO_2023_F1P4,2023-06-20,,47.275,,
TTADDA_NARO_2023_F1P4,2023-06-24,,,25.75,50.75
TTADDA_NARO_2023_F1P4,2023-06-26,0.4,,,
TTADDA_NARO_2023_F1P4,2023-06-27,,53.675,,
TTADDA_NARO_2023_F1P4,2023-07-02,,,32.5,56.25
TTADDA_NARO_2023_F1P4,2023-07-04,0.76,47.85,,
TTADDA_NARO_2023_F1P4,2023-07-08,,,37.75,60.0
TTADDA_NARO_2023_F1P4,2023-07-09,0.73,,,
TTADDA_NARO_2023_F1P4,2023-07-11,,43.75,,
TTADDA_NARO_2023_F1P4,2023-07-16,,,39.0,62.5
TTADDA_NARO_2023_F1P4,2023-07-18,,43.2,,
TTADDA_NARO_2023_F1P4,2023-07-19,0.86,,,
TTADDA_NARO_2023_F1P4,2023-07-22,,,42.5,62.5
TTADDA_NARO_2023_F1P4,2023-07-24,0.83,36.725,,
TTADDA_NARO_2023_F1P4,2023-07-29,,,50.0,60.0
TTADDA_NARO_2023_F1P4,2023-08-01,0.745,31.575,,
TTADDA_NARO_2023_F1P4,2023-08-05,,,38.0,57.5
TTADDA_NARO_2023_F1P4,2023-08-06,0.56,,,
TTADDA_NARO_2023_F1P4,2023-08-09,,25.15,,
TTADDA_NARO_2023_F1P4,2023-08-12,0.46,,27.5,57.5
TTADDA_NARO_2023_F1P4,2023-08-15,,23.2,,
TTADDA_NARO_2023_F1P4,2023-08-19,0.305,,35.0,5.0
TTADDA_NARO_2023_F1P4,2023-08-22,,5.675,,
TTADDA_NARO_2023_F1P4,2023-08-27,,,17.5,2.5
TTADDA_NARO_2023_F1P4,2023-08-29,,0.0,,
TTADDA_NARO_2023_F1P4,2023-09-04,,,0.0,0.0
TTADDA_NARO_2023_F1P4,2023-09-11,,,,
TTADDA_NARO_2023_F1P5,2023-06-06,,,2.33333333333333,10.0
TTADDA_NARO_2023_F1P5,2023-06-07,0.19,,,
TTADDA_NARO_2023_F1P5,2023-06-11,,,4.0,20.6666666666667
TTADDA_NARO_2023_F1P5,2023-06-12,0.22,54.45,,
TTADDA_NARO_2023_F1P5,2023-06-17,,,12.0,36.5
TTADDA_NARO_2023_F1P5,2023-06-19,0.45,,,
TTADDA_NARO_2023_F1P5,2023-06-20,,49.875,,
TTADDA_NARO_2023_F1P5,2023-06-24,,,19.25,39.5
TTADDA_NARO_2023_F1P5,2023-06-26,0.495,,,
TTADDA_NARO_2023_F1P5,2023-06-27,,48.7,,
TTADDA_NARO_2023_F1P5,2023-07-02,,,31.75,51.25
TTADDA_NARO_2023_F1P5,2023-07-04,0.825,42.75,,
TTADDA_NARO_2023_F1P5,2023-07-08,,,43.5,53.75
TTADDA_NARO_2023_F1P5,2023-07-09,0.835,,,
TTADDA_NARO_2023_F1P5,2023-07-11,,42.25,,
TTADDA_NARO_2023_F1P5,2023-07-16,,,43.25,61.25
TTADDA_NARO_2023_F1P5,2023-07-18,,38.175,,
TTADDA_NARO_2023_F1P5,2023-07-19,0.85,,,
TTADDA_NARO_2023_F1P5,2023-07-22,,,52.5,62.5
TTADDA_NARO_2023_F1P5,2023-07-24,0.835,33.275,,
TTADDA_NARO_2023_F1P5,2023-07-29,,,52.5,60.0
TTADDA_NARO_2023_F1P5,2023-08-01,0.715,32.85,,
TTADDA_NARO_2023_F1P5,2023-08-05,,,47.5,52.5
TTADDA_NARO_2023_F1P5,2023-08-06,0.68,,,
TTADDA_NARO_2023_F1P5,2023-08-09,,32.0,,
TTADDA_NARO_2023_F1P5,2023-08-12,0.715,,42.5,45.0
TTADDA_NARO_2023_F1P5,2023-08-15,,21.725,,
TTADDA_NARO_2023_F1P5,2023-08-19,0.465,,40.0,37.5
TTADDA_NARO_2023_F1P5,2023-08-22,,8.75,,
TTADDA_NARO_2023_F1P5,2023-08-27,0.345,,40.0,27.5
TTADDA_NARO_2023_F1P5,2023-08-29,,10.15,,
TTADDA_NARO_2023_F1P5,2023-09-04,0.265,4.825,0.0,0.0
TTADDA_NARO_2023_F1P5,2023-09-11,,0.0,,
TTADDA_NARO_2023_F1P6,2023-06-06,,,2.75,14.0
TTADDA_NARO_2023_F1P6,2023-06-07,0.195,,,
TTADDA_NARO_2023_F1P6,2023-06-11,,,5.0,32.0
TTADDA_NARO_2023_F1P6,2023-06-12,0.26,52.95,,
TTADDA_NARO_2023_F1P6,2023-06-17,,,18.0,44.5
TTADDA_NARO_2023_F1P6,2023-06-19,0.39,,,
TTADDA_NARO_2023_F1P6,2023-06-20,,52.8,,
TTADDA_NARO_2023_F1P6,2023-06-24,,,30.25,58.75
TTADDA_NARO_2023_F1P6,2023-06-26,0.575,,,
TTADDA_NARO_2023_F1P6,2023-06-27,,53.25,,
TTADDA_NARO_2023_F1P6,2023-07-02,,,41.0,72.0
TTADDA_NARO_2023_F1P6,2023-07-04,0.81,45.675,,
TTADDA_NARO_2023_F1P6,2023-07-08,,,48.25,72.5
TTADDA_NARO_2023_F1P6,2023-07-09,0.815,,,
TTADDA_NARO_2023_F1P6,2023-07-11,,44.95,,
TTADDA_NARO_2023_F1P6,2023-07-16,,,48.25,72.5
TTADDA_NARO_2023_F1P6,2023-07-18,,39.35,,
TTADDA_NARO_2023_F1P6,2023-07-19,0.89,,,
TTADDA_NARO_2023_F1P6,2023-07-22,,,52.5,80.0
TTADDA_NARO_2023_F1P6,2023-07-24,0.87,36.75,,
TTADDA_NARO_2023_F1P6,2023-07-29,,,55.0,77.5
TTADDA_NARO_2023_F1P6,2023-08-01,0.82,27.775,,
TTADDA_NARO_2023_F1P6,2023-08-05,,,45.0,75.0
TTADDA_NARO_2023_F1P6,2023-08-06,0.67,,,
TTADDA_NARO_2023_F1P6,2023-08-09,,26.75,,
TTADDA_NARO_2023_F1P6,2023-08-12,0.565,,48.0,67.5
TTADDA_NARO_2023_F1P6,2023-08-15,,25.775,,
TTADDA_NARO_2023_F1P6,2023-08-19,0.355,,38.0,12.5
TTADDA_NARO_2023_F1P6,2023-08-22,,0.0,,
TTADDA_NARO_2023_F1P6,2023-08-27,,,0.0,0.0
TTADDA_NARO_2023_F1P6,2023-08-29,,0.0,,
TTADDA_NARO_2023_F1P6,2023-09-04,,,0.0,0.0
TTADDA_NARO_2023_F1P6,2023-09-11,,,,
TTADDA_NARO_2023_F1P7,2023-06-06,,,3.5,17.75
TTADDA_NARO_2023_F1P7,2023-06-07,0.19,,,
TTADDA_NARO_2023_F1P7,2023-06-11,,,8.25,30.75
TTADDA_NARO_2023_F1P7,2023-06-12,0.345,55.075,,
TTADDA_NARO_2023_F1P7,2023-06-17,,,23.25,45.75
TTADDA_NARO_2023_F1P7,2023-06-19,0.53,,,
TTADDA_NARO_2023_F1P7,2023-06-20,,53.05,,
TTADDA_NARO_2023_F1P7,2023-06-24,,,31.5,52.5
TTADDA_NARO_2023_F1P7,2023-06-26,0.58,,,
TTADDA_NARO_2023_F1P7,2023-06-27,,52.725,,
TTADDA_NARO_2023_F1P7,2023-07-02,,,38.5,63.75
TTADDA_NARO_2023_F1P7,2023-07-04,0.82,46.45,,
TTADDA_NARO_2023_F1P7,2023-07-08,,,43.75,62.5
TTADDA_NARO_2023_F1P7,2023-07-09,0.725,,,
TTADDA_NARO_2023_F1P7,2023-07-11,,44.675,,
TTADDA_NARO_2023_F1P7,2023-07-16,,,44.0,66.25
TTADDA_NARO_2023_F1P7,2023-07-18,,38.375,,
TTADDA_NARO_2023_F1P7,2023-07-19,0.86,,,
TTADDA_NARO_2023_F1P7,2023-07-22,,,42.5,62.5
TTADDA_NARO_2023_F1P7,2023-07-24,0.84,36.45,,
TTADDA_NARO_2023_F1P7,2023-07-29,,,50.0,57.5
TTADDA_NARO_2023_F1P7,2023-08-01,0.62,31.975,,
TTADDA_NARO_2023_F1P7,2023-08-05,,,42.5,55.0
TTADDA_NARO_2023_F1P7,2023-08-06,0.53,,,
TTADDA_NARO_2023_F1P7,2023-08-09,,22.65,,
TTADDA_NARO_2023_F1P7,2023-08-12,0.62,,49.0,55.0
TTADDA_NARO_2023_F1P7,2023-08-15,,28.55,,
TTADDA_NARO_2023_F1P7,2023-08-19,0.475,,47.5,52.5
TTADDA_NARO_2023_F1P7,2023-08-22,,24.575,,
TTADDA_NARO_2023_F1P7,2023-08-27,0.24,,20.0,5.0
TTADDA_NARO_2023_F1P7,2023-08-29,,12.95,,
TTADDA_NARO_2023_F1P7,2023-09-04,,,0.0,0.0
TTADDA_NARO_2023_F1P7,2023-09-11,,,,
TTADDA_NARO_2023_F1P8,2023-06-06,,,2.5,13.5
TTADDA_NARO_2023_F1P8,2023-06-07,0.195,,,
TTADDA_NARO_2023_F1P8,2023-06-11,,,6.25,28.75
TTADDA_NARO_2023_F1P8,2023-06-12,0.265,56.675,,
TTADDA_NARO_2023_F1P8,2023-06-17,,,16.0,40.0
TTADDA_NARO_2023_F1P8,2023-06-19,0.435,,,
TTADDA_NARO_2023_F1P8,2023-06-20,,52.825,,
TTADDA_NARO_2023_F1P8,2023-06-24,,,28.0,47.25
TTADDA_NARO_2023_F1P8,2023-06-26,0.665,,,
TTADDA_NARO_2023_F1P8,2023-06-27,,55.0,,
TTADDA_NARO_2023_F1P8,2023-07-02,,,38.0,58.75
TTADDA_NARO_2023_F1P8,2023-07-04,0.775,45.525,,
TTADDA_NARO_2023_F1P8,2023-07-08,,,42.75,61.25
TTADDA_NARO_2023_F1P8,2023-07-09,0.755,,,
TTADDA_NARO_2023_F1P8,2023-07-11,,45.65,,
TTADDA_NARO_2023_F1P8,2023-07-16,,,40.25,66.25
TTADDA_NARO_2023_F1P8,2023-07-18,,38.75,,
TTADDA_NARO_2023_F1P8,2023-07-19,0.82,,,
TTADDA_NARO_2023_F1P8,2023-07-22,,,45.0,65.0
TTADDA_NARO_2023_F1P8,2023-07-24,0.74,35.55,,
TTADDA_NARO_2023_F1P8,2023-07-29,,,47.5,67.5
TTADDA_NARO_2023_F1P8,2023-08-01,0.63,26.075,,
TTADDA_NARO_2023_F1P8,2023-08-05,,,45.0,62.5
TTADDA_NARO_2023_F1P8,2023-08-06,0.51,,,
TTADDA_NARO_2023_F1P8,2023-08-09,,22.65,,
TTADDA_NARO_2023_F1P8,2023-08-12,0.595,,44.0,55.0
TTADDA_NARO_2023_F1P8,2023-08-15,,20.85,,
TTADDA_NARO_2023_F1P8,2023-08-19,0.38,,39.0,20.0
TTADDA_NARO_2023_F1P8,2023-08-22,,6.75,,
TTADDA_NARO_2023_F1P8,2023-08-27,,,0.0,0.0
TTADDA_NARO_2023_F1P8,2023-08-29,,0.0,,
TTADDA_NARO_2023_F1P8,2023-09-04,,,0.0,0.0
TTADDA_NARO_2023_F1P8,2023-09-11,,,,
TTADDA_NARO_2023_F1P9,2023-06-06,,,3.33333333333333,14.0
TTADDA_NARO_2023_F1P9,2023-06-07,0.235,,,
TTADDA_NARO_2023_F1P9,2023-06-11,,,5.75,28.25
TTADDA_NARO_2023_F1P9,2023-06-12,0.36,52.875,,
TTADDA_NARO_2023_F1P9,2023-06-17,,,20.0,44.75
TTADDA_NARO_2023_F1P9,2023-06-19,0.55,,,
TTADDA_NARO_2023_F1P9,2023-06-20,,52.925,,
TTADDA_NARO_2023_F1P9,2023-06-24,,,27.25,53.25
TTADDA_NARO_2023_F1P9,2023-06-26,0.64,,,
TTADDA_NARO_2023_F1P9,2023-06-27,,52.0,,
TTADDA_NARO_2023_F1P9,2023-07-02,,,41.5,67.5
TTADDA_NARO_2023_F1P9,2023-07-04,0.8,48.425,,
TTADDA_NARO_2023_F1P9,2023-07-08,,,47.25,68.75
TTADDA_NARO_2023_F1P9,2023-07-09,0.795,,,
TTADDA_NARO_2023_F1P9,2023-07-11,,42.85,,
TTADDA_NARO_2023_F1P9,2023-07-16,,,49.75,78.75
TTADDA_NARO_2023_F1P9,2023-07-18,,39.65,,
TTADDA_NARO_2023_F1P9,2023-07-19,0.87,,,
TTADDA_NARO_2023_F1P9,2023-07-22,,,50.0,77.5
TTADDA_NARO_2023_F1P9,2023-07-24,0.865,36.0,,
TTADDA_NARO_2023_F1P9,2023-07-29,,,55.0,80.0
TTADDA_NARO_2023_F1P9,2023-08-01,0.77,33.75,,
TTADDA_NARO_2023_F1P9,2023-08-05,,,47.5,77.5
TTADDA_NARO_2023_F1P9,2023-08-06,0.675,,,
TTADDA_NARO_2023_F1P9,2023-08-09,,25.25,,
TTADDA_NARO_2023_F1P9,2023-08-12,0.63,,55.0,60.0
TTADDA_NARO_2023_F1P9,2023-08-15,,22.55,,
TTADDA_NARO_2023_F1P9,2023-08-19,0.34,,52.5,35.0
TTADDA_NARO_2023_F1P9,2023-08-22,,16.125,,
TTADDA_NARO_2023_F1P9,2023-08-27,0.225,,0.0,0.0
TTADDA_NARO_2023_F1P9,2023-08-29,,5.675,,
TTADDA_NARO_2023_F1P9,2023-09-04,,,0.0,0.0
TTADDA_NARO_2023_F1P9,2023-09-11,,,,
TTADDA_NARO_2023_F1P10,2023-06-06,,,4.33333333333333,23.0
TTADDA_NARO_2023_F1P10,2023-06-07,0.22,,,
TTADDA_NARO_2023_F1P10,2023-06-11,,,7.33333333333333,25.6666666666667
TTADDA_NARO_2023_F1P10,2023-06-12,0.405,55.65,,
TTADDA_NARO_2023_F1P10,2023-06-17,,,21.0,46.25
TTADDA_NARO_2023_F1P10,2023-06-19,0.54,,,
TTADDA_NARO_2023_F1P10,2023-06-20,,50.325,,
TTADDA_NARO_2023_F1P10,2023-06-24,,,31.0,56.0
TTADDA_NARO_2023_F1P10,2023-06-26,0.515,,,
TTADDA_NARO_2023_F1P10,2023-06-27,,54.55,,
TTADDA_NARO_2023_F1P10,2023-07-02,,,39.0,63.75
TTADDA_NARO_2023_F1P10,2023-07-04,0.8,47.225,,
TTADDA_NARO_2023_F1P10,2023-07-08,,,44.5,66.25
TTADDA_NARO_2023_F1P10,2023-07-09,0.8,,,
TTADDA_NARO_2023_F1P10,2023-07-11,,42.075,,
TTADDA_NARO_2023_F1P10,2023-07-16,,,48.5,72.5
TTADDA_NARO_2023_F1P10,2023-07-18,,41.425,,
TTADDA_NARO_2023_F1P10,2023-07-19,0.88,,,
TTADDA_NARO_2023_F1P10,2023-07-22,,,47.5,70.0
TTADDA_NARO_2023_F1P10,2023-07-24,0.87,38.025,,
TTADDA_NARO_2023_F1P10,2023-07-29,,,52.5,57.5
TTADDA_NARO_2023_F1P10,2023-08-01,0.755,26.375,,
TTADDA_NARO_2023_F1P10,2023-08-05,,,46.5,62.5
TTADDA_NARO_2023_F1P10,2023-08-06,0.69,,,
TTADDA_NARO_2023_F1P10,2023-08-09,,22.9,,
TTADDA_NARO_2023_F1P10,2023-08-12,0.68,,45.0,55.0
TTADDA_NARO_2023_F1P10,2023-08-15,,24.2,,
TTADDA_NARO_2023_F1P10,2023-08-19,0.5,,50.0,27.5
TTADDA_NARO_2023_F1P10,2023-08-22,,9.125,,
TTADDA_NARO_2023_F1P10,2023-08-27,0.2,,0.0,0.0
TTADDA_NARO_2023_F1P10,2023-08-29,,0.0,,
TTADDA_NARO_2023_F1P10,2023-09-04,,,0.0,0.0
TTADDA_NARO_2023_F1P10,2023-09-11,,,,
TTADDA_NARO_2023_F1P11,2023-06-06,,,3.0,16.0
TTADDA_NARO_2023_F1P11,2023-06-07,0.205,,,
TTADDA_NARO_2023_F1P11,2023-06-11,,,6.25,30.25
TTADDA_NARO_2023_F1P11,2023-06-12,0.42,52.1,,
TTADDA_NARO_2023_F1P11,2023-06-17,,,19.25,40.0
TTADDA_NARO_2023_F1P11,2023-06-19,0.49,,,
TTADDA_NARO_2023_F1P11,2023-06-20,,50.9,,
TTADDA_NARO_2023_F1P11,2023-06-24,,,26.75,50.75
TTADDA_NARO_2023_F1P11,2023-06-26,0.46,,,
TTADDA_NARO_2023_F1P11,2023-06-27,,54.9,,
TTADDA_NARO_2023_F1P11,2023-07-02,,,40.75,66.25
TTADDA_NARO_2023_F1P11,2023-07-04,0.805,48.925,,
TTADDA_NARO_2023_F1P11,2023-07-08,,,51.0,66.25
TTADDA_NARO_2023_F1P11,2023-07-09,0.825,,,
TTADDA_NARO_2023_F1P11,2023-07-11,,43.05,,
TTADDA_NARO_2023_F1P11,2023-07-16,,,52.5,67.5
TTADDA_NARO_2023_F1P11,2023-07-18,,38.6,,
TTADDA_NARO_2023_F1P11,2023-07-19,0.84,,,
TTADDA_NARO_2023_F1P11,2023-07-22,,,55.0,65.0
TTADDA_NARO_2023_F1P11,2023-07-24,0.725,35.0,,
TTADDA_NARO_2023_F1P11,2023-07-29,,,62.5,67.5
TTADDA_NARO_2023_F1P11,2023-08-01,0.665,28.325,,
TTADDA_NARO_2023_F1P11,2023-08-05,,,60.0,70.0
TTADDA_NARO_2023_F1P11,2023-08-06,0.605,,,
TTADDA_NARO_2023_F1P11,2023-08-09,,19.725,,
TTADDA_NARO_2023_F1P11,2023-08-12,0.52,,55.0,67.5
TTADDA_NARO_2023_F1P11,2023-08-15,,12.575,,
TTADDA_NARO_2023_F1P11,2023-08-19,0.285,,27.5,12.5
TTADDA_NARO_2023_F1P11,2023-08-22,,0.0,,
TTADDA_NARO_2023_F1P11,2023-08-27,,,0.0,0.0
TTADDA_NARO_2023_F1P11,2023-08-29,,0.0,,
TTADDA_NARO_2023_F1P11,2023-09-04,,,0.0,0.0
TTADDA_NARO_2023_F1P11,2023-09-11,,,,
TTADDA_NARO_2023_F1P12,2023-06-06,,,3.0,19.0
TTADDA_NARO_2023_F1P12,2023-06-07,0.16,,,
TTADDA_NARO_2023_F1P12,2023-06-11,,,7.5,30.5
TTADDA_NARO_2023_F1P12,2023-06-12,0.28,55.425,,
TTADDA_NARO_2023_F1P12,2023-06-17,,,18.0,41.0
TTADDA_NARO_2023_F1P12,2023-06-19,0.45,,,
TTADDA_NARO_2023_F1P12,2023-06-20,,50.525,,
TTADDA_NARO_2023_F1P12,2023-06-24,,,28.5,52.5
TTADDA_NARO_2023_F1P12,2023-06-26,0.6,,,
TTADDA_NARO_2023_F1P12,2023-06-27,,54.65,,
TTADDA_NARO_2023_F1P12,2023-07-02,,,42.25,56.25
TTADDA_NARO_2023_F1P12,2023-07-04,0.78,44.925,,
TTADDA_NARO_2023_F1P12,2023-07-08,,,53.5,60.0
TTADDA_NARO_2023_F1P12,2023-07-09,0.785,,,
TTADDA_NARO_2023_F1P12,2023-07-11,,42.15,,
TTADDA_NARO_2023_F1P12,2023-07-16,,,60.25,60.0
TTADDA_NARO_2023_F1P12,2023-07-18,,34.5,,
TTADDA_NARO_2023_F1P12,2023-07-19,0.85,,,
TTADDA_NARO_2023_F1P12,2023-07-22,,,65.0,62.5
TTADDA_NARO_2023_F1P12,2023-07-24,0.815,27.825,,
TTADDA_NARO_2023_F1P12,2023-07-29,,,67.5,57.5
TTADDA_NARO_2023_F1P12,2023-08-01,0.76,23.6,,
TTADDA_NARO_2023_F1P12,2023-08-05,,,62.5,62.5
TTADDA_NARO_2023_F1P12,2023-08-06,0.72,,,
TTADDA_NARO_2023_F1P12,2023-08-09,,17.375,,
TTADDA_NARO_2023_F1P12,2023-08-12,0.665,,65.0,62.5
TTADDA_NARO_2023_F1P12,2023-08-15,,17.7,,
TTADDA_NARO_2023_F1P12,2023-08-19,0.52,,55.0,52.5
TTADDA_NARO_2023_F1P12,2023-08-22,,15.925,,
TTADDA_NARO_2023_F1P12,2023-08-27,0.32,,30.0,7.5
TTADDA_NARO_2023_F1P12,2023-08-29,,10.1,,
TTADDA_NARO_2023_F1P12,2023-09-04,,,0.0,0.0
TTADDA_NARO_2023_F1P12,2023-09-11,,,,
TTADDA_NARO_2023_F1P13,2023-06-06,,,1.5,12.5
TTADDA_NARO_2023_F1P13,2023-06-07,0.175,,,
TTADDA_NARO_2023_F1P13,2023-06-11,,,4.75,27.25
TTADDA_NARO_2023_F1P13,2023-06-12,0.235,53.45,,
TTADDA_NARO_2023_F1P13,2023-06-17,,,14.75,41.5
TTADDA_NARO_2023_F1P13,2023-06-19,0.505,,,
TTADDA_NARO_2023_F1P13,2023-06-20,,50.025,,
TTADDA_NARO_2023_F1P13,2023-06-24,,,20.75,49.75
TTADDA_NARO_2023_F1P13,2023-06-26,0.46,,,
TTADDA_NARO_2023_F1P13,2023-06-27,,58.375,,
TTADDA_NARO_2023_F1P13,2023-07-02,,,38.5,60.0
TTADDA_NARO_2023_F1P13,2023-07-04,0.73,47.475,,
TTADDA_NARO_2023_F1P13,2023-07-08,,,43.0,61.25
TTADDA_NARO_2023_F1P13,2023-07-09,0.715,,,
TTADDA_NARO_2023_F1P13,2023-07-11,,45.8,,
TTADDA_NARO_2023_F1P13,2023-07-16,,,49.25,62.5
TTADDA_NARO_2023_F1P13,2023-07-18,,41.45,,
TTADDA_NARO_2023_F1P13,2023-07-19,0.79,,,
TTADDA_NARO_2023_F1P13,2023-07-22,,,50.0,62.5
TTADDA_NARO_2023_F1P13,2023-07-24,0.82,37.4,,
TTADDA_NARO_2023_F1P13,2023-07-29,,,52.5,52.5
TTADDA_NARO_2023_F1P13,2023-08-01,0.83,35.1,,
TTADDA_NARO_2023_F1P13,2023-08-05,,,52.5,62.5
TTADDA_NARO_2023_F1P13,2023-08-06,0.775,,,
TTADDA_NARO_2023_F1P13,2023-08-09,,30.925,,
TTADDA_NARO_2023_F1P13,2023-08-12,0.77,,52.5,55.0
TTADDA_NARO_2023_F1P13,2023-08-15,,27.275,,
TTADDA_NARO_2023_F1P13,2023-08-19,0.54,,55.0,55.0
TTADDA_NARO_2023_F1P13,2023-08-22,,25.825,,
TTADDA_NARO_2023_F1P13,2023-08-27,0.27,,22.5,2.5
TTADDA_NARO_2023_F1P13,2023-08-29,,5.7,,
TTADDA_NARO_2023_F1P13,2023-09-04,,,0.0,0.0
TTADDA_NARO_2023_F1P13,2023-09-11,,,,
TTADDA_NARO_2023_F1P14,2023-06-06,,,2.25,13.75
TTADDA_NARO_2023_F1P14,2023-06-07,0.18,,,
TTADDA_NARO_2023_F1P14,2023-06-11,,,4.5,30.75
TTADDA_NARO_2023_F1P14,2023-06-12,0.26,49.925,,
TTADDA_NARO_2023_F1P14,2023-06-17,,,12.5,38.25
TTADDA_NARO_2023_F1P14,2023-06-19,0.4,,,
TTADDA_NARO_2023_F1P14,2023-06-20,,51.9,,
TTADDA_NARO_2023_F1P14,2023-06-24,,,20.0,46.25
TTADDA_NARO_2023_F1P14,2023-06-26,0.455,,,
TTADDA_NARO_2023_F1P14,2023-06-27,,58.425,,
TTADDA_NARO_2023_F1P14,2023-07-02,,,36.25,58.75
TTADDA_NARO_2023_F1P14,2023-07-04,0.775,48.425,,
TTADDA_NARO_2023_F1P14,2023-07-08,,,50.0,57.5
TTADDA_NARO_2023_F1P14,2023-07-09,0.72,,,
TTADDA_NARO_2023_F1P14,2023-07-11,,44.55,,
TTADDA_NARO_2023_F1P14,2023-07-16,,,50.25,61.25
TTADDA_NARO_2023_F1P14,2023-07-18,,42.1,,
TTADDA_NARO_2023_F1P14,2023-07-19,0.8,,,
TTADDA_NARO_2023_F1P14,2023-07-22,,,49.0,60.0
TTADDA_NARO_2023_F1P14,2023-07-24,0.805,37.85,,
TTADDA_NARO_2023_F1P14,2023-07-29,,,52.5,60.0
TTADDA_NARO_2023_F1P14,2023-08-01,0.83,35.15,,
TTADDA_NARO_2023_F1P14,2023-08-05,,,52.5,62.5
TTADDA_NARO_2023_F1P14,2023-08-06,0.635,,,
TTADDA_NARO_2023_F1P14,2023-08-09,,27.35,,
TTADDA_NARO_2023_F1P14,2023-08-12,0.81,,55.0,65.0
TTADDA_NARO_2023_F1P14,2023-08-15,,29.35,,
TTADDA_NARO_2023_F1P14,2023-08-19,0.585,,52.5,57.5
TTADDA_NARO_2023_F1P14,2023-08-22,,24.175,,
TTADDA_NARO_2023_F1P14,2023-08-27,0.22,,24.0,2.5
TTADDA_NARO_2023_F1P14,2023-08-29,,0.0,,
TTADDA_NARO_2023_F1P14,2023-09-04,,,0.0,0.0
TTADDA_NARO_2023_F1P14,2023-09-11,,,,
TTADDA_NARO_2023_F1P15,2023-06-06,,,1.66666666666667,4.66666666666667
TTADDA_NARO_2023_F1P15,2023-06-07,0.15,,,
TTADDA_NARO_2023_F1P15,2023-06-11,,,4.75,18.25
TTADDA_NARO_2023_F1P15,2023-06-12,0.245,54.575,,
TTADDA_NARO_2023_F1P15,2023-06-17,,,16.75,34.75
TTADDA_NARO_2023_F1P15,2023-06-19,0.34,,,
TTADDA_NARO_2023_F1P15,2023-06-20,,49.7,,
TTADDA_NARO_2023_F1P15,2023-06-24,,,24.5,39.5
TTADDA_NARO_2023_F1P15,2023-06-26,0.545,,,
TTADDA_NARO_2023_F1P15,2023-06-27,,52.05,,
TTADDA_NARO_2023_F1P15,2023-07-02,,,35.0,58.25
TTADDA_NARO_2023_F1P15,2023-07-04,0.7,45.575,,
TTADDA_NARO_2023_F1P15,2023-07-08,,,45.75,60.0
TTADDA_NARO_2023_F1P15,2023-07-09,0.705,,,
TTADDA_NARO_2023_F1P15,2023-07-11,,38.875,,
TTADDA_NARO_2023_F1P15,2023-07-16,,,49.75,61.25
TTADDA_NARO_2023_F1P15,2023-07-18,,35.85,,
TTADDA_NARO_2023_F1P15,2023-07-19,0.785,,,
TTADDA_NARO_2023_F1P15,2023-07-22,,,55.0,62.5
TTADDA_NARO_2023_F1P15,2023-07-24,0.77,32.75,,
TTADDA_NARO_2023_F1P15,2023-07-29,,,55.0,62.5
TTADDA_NARO_2023_F1P15,2023-08-01,0.735,30.875,,
TTADDA_NARO_2023_F1P15,2023-08-05,,,57.5,52.5
TTADDA_NARO_2023_F1P15,2023-08-06,0.615,,,
TTADDA_NARO_2023_F1P15,2023-08-09,,27.6,,
TTADDA_NARO_2023_F1P15,2023-08-12,0.595,,55.0,57.5
TTADDA_NARO_2023_F1P15,2023-08-15,,21.2,,
TTADDA_NARO_2023_F1P15,2023-08-19,0.495,,52.5,50.0
TTADDA_NARO_2023_F1P15,2023-08-22,,23.25,,
TTADDA_NARO_2023_F1P15,2023-08-27,0.385,,50.0,37.5
TTADDA_NARO_2023_F1P15,2023-08-29,,21.0,,
TTADDA_NARO_2023_F1P15,2023-09-04,0.27,0.0,0.0,0.0
TTADDA_NARO_2023_F1P15,2023-09-11,,0.0,,
TTADDA_NARO_2023_F1P16,2023-06-06,,,2.75,14.75
TTADDA_NARO_2023_F1P16,2023-06-07,0.205,,,
TTADDA_NARO_2023_F1P16,2023-06-11,,,5.25,28.25
TTADDA_NARO_2023_F1P16,2023-06-12,0.365,52.875,,
TTADDA_NARO_2023_F1P16,2023-06-17,,,18.0,40.5
TTADDA_NARO_2023_F1P16,2023-06-19,0.445,,,
TTADDA_NARO_2023_F1P16,2023-06-20,,47.725,,
TTADDA_NARO_2023_F1P16,2023-06-24,,,27.25,55.0
TTADDA_NARO_2023_F1P16,2023-06-26,0.675,,,
TTADDA_NARO_2023_F1P16,2023-06-27,,55.125,,
TTADDA_NARO_2023_F1P16,2023-07-02,,,42.5,60.0
TTADDA_NARO_2023_F1P16,2023-07-04,0.815,46.175,,
TTADDA_NARO_2023_F1P16,2023-07-08,,,51.5,60.0
TTADDA_NARO_2023_F1P16,2023-07-09,0.795,,,
TTADDA_NARO_2023_F1P16,2023-07-11,,39.225,,
TTADDA_NARO_2023_F1P16,2023-07-16,,,58.75,60.0
TTADDA_NARO_2023_F1P16,2023-07-18,,36.725,,
TTADDA_NARO_2023_F1P16,2023-07-19,0.815,,,
TTADDA_NARO_2023_F1P16,2023-07-22,,,50.0,57.5
TTADDA_NARO_2023_F1P16,2023-07-24,0.78,33.275,,
TTADDA_NARO_2023_F1P16,2023-07-29,,,65.0,60.0
TTADDA_NARO_2023_F1P16,2023-08-01,0.685,24.5,,
TTADDA_NARO_2023_F1P16,2023-08-05,,,62.5,57.5
TTADDA_NARO_2023_F1P16,2023-08-06,0.665,,,
TTADDA_NARO_2023_F1P16,2023-08-09,,23.4,,
TTADDA_NARO_2023_F1P16,2023-08-12,0.6,,57.5,62.5
TTADDA_NARO_2023_F1P16,2023-08-15,,16.7,,
TTADDA_NARO_2023_F1P16,2023-08-19,0.41,,50.0,35.0
TTADDA_NARO_2023_F1P16,2023-08-22,,13.15,,
TTADDA_NARO_2023_F1P16,2023-08-27,0.2,,0.0,0.0
TTADDA_NARO_2023_F1P16,2023-08-29,,2.675,,
TTADDA_NARO_2023_F1P16,2023-09-04,,,0.0,0.0
TTADDA_NARO_2023_F1P16,2023-09-11,,,,
TTADDA_NARO_2023_F1P17,2023-06-06,,,3.25,12.5
TTADDA_NARO_2023_F1P17,2023-06-07,0.21,,,
TTADDA_NARO_2023_F1P17,2023-06-11,,,4.5,27.5
TTADDA_NARO_2023_F1P17,2023-06-12,0.295,55.7,,
TTADDA_NARO_2023_F1P17,2023-06-17,,,15.0,40.5
TTADDA_NARO_2023_F1P17,2023-06-19,0.52,,,
TTADDA_NARO_2023_F1P17,2023-06-20,,52.325,,
TTADDA_NARO_2023_F1P17,2023-06-24,,,23.75,48.75
TTADDA_NARO_2023_F1P17,2023-06-26,0.505,,,
TTADDA_NARO_2023_F1P17,2023-06-27,,54.15,,
TTADDA_NARO_2023_F1P17,2023-07-02,,,38.5,60.0
TTADDA_NARO_2023_F1P17,2023-07-04,0.75,46.575,,
TTADDA_NARO_2023_F1P17,2023-07-08,,,39.0,65.0
TTADDA_NARO_2023_F1P17,2023-07-09,0.695,,,
TTADDA_NARO_2023_F1P17,2023-07-11,,44.675,,
TTADDA_NARO_2023_F1P17,2023-07-16,,,42.75,63.75
TTADDA_NARO_2023_F1P17,2023-07-18,,40.725,,
TTADDA_NARO_2023_F1P17,2023-07-19,0.84,,,
TTADDA_NARO_2023_F1P17,2023-07-22,,,50.0,65.0
TTADDA_NARO_2023_F1P17,2023-07-24,0.84,36.0,,
TTADDA_NARO_2023_F1P17,2023-07-29,,,52.5,67.5
TTADDA_NARO_2023_F1P17,2023-08-01,0.645,30.475,,
TTADDA_NARO_2023_F1P17,2023-08-05,,,50.0,57.5
TTADDA_NARO_2023_F1P17,2023-08-06,0.615,,,
TTADDA_NARO_2023_F1P17,2023-08-09,,26.8,,
TTADDA_NARO_2023_F1P17,2023-08-12,0.54,,52.5,52.5
TTADDA_NARO_2023_F1P17,2023-08-15,,19.9,,
TTADDA_NARO_2023_F1P17,2023-08-19,0.402,,42.5,30.0
TTADDA_NARO_2023_F1P17,2023-08-22,,21.625,,
TTADDA_NARO_2023_F1P17,2023-08-27,0.23,,22.5,2.5
TTADDA_NARO_2023_F1P17,2023-08-29,,3.95,,
TTADDA_NARO_2023_F1P17,2023-09-04,,,0.0,0.0
TTADDA_NARO_2023_F1P17,2023-09-11,,,,
TTADDA_NARO_2023_F1P18,2023-06-06,,,2.5,10.75
TTADDA_NARO_2023_F1P18,2023-06-07,0.14,,,
TTADDA_NARO_2023_F1P18,2023-06-11,,,5.25,28.75
TTADDA_NARO_2023_F1P18,2023-06-12,0.24,54.4,,
TTADDA_NARO_2023_F1P18,2023-06-17,,,16.25,43.5
TTADDA_NARO_2023_F1P18,2023-06-19,0.4,,,
TTADDA_NARO_2023_F1P18,2023-06-20,,48.7,,
TTADDA_NARO_2023_F1P18,2023-06-24,,,26.5,52.0
TTADDA_NARO_2023_F1P18,2023-06-26,0.47,,,
TTADDA_NARO_2023_F1P18,2023-06-27,,54.7,,
TTADDA_NARO_2023_F1P18,2023-07-02,,,39.5,60.0
TTADDA_NARO_2023_F1P18,2023-07-04,0.725,44.675,,
TTADDA_NARO_2023_F1P18,2023-07-08,,,51.0,65.0
TTADDA_NARO_2023_F1P18,2023-07-09,0.705,,,
TTADDA_NARO_2023_F1P18,2023-07-11,,36.8,,
TTADDA_NARO_2023_F1P18,2023-07-16,,,49.0,65.0
TTADDA_NARO_2023_F1P18,2023-07-18,,32.725,,
TTADDA_NARO_2023_F1P18,2023-07-19,0.795,,,
TTADDA_NARO_2023_F1P18,2023-07-22,,,50.0,67.5
TTADDA_NARO_2023_F1P18,2023-07-24,0.78,28.125,,
TTADDA_NARO_2023_F1P18,2023-07-29,,,55.0,67.5
TTADDA_NARO_2023_F1P18,2023-08-01,0.7,22.875,,
TTADDA_NARO_2023_F1P18,2023-08-05,,,55.0,62.5
TTADDA_NARO_2023_F1P18,2023-08-06,0.625,,,
TTADDA_NARO_2023_F1P18,2023-08-09,,21.075,,
TTADDA_NARO_2023_F1P18,2023-08-12,0.675,,52.5,65.0
TTADDA_NARO_2023_F1P18,2023-08-15,,18.525,,
TTADDA_NARO_2023_F1P18,2023-08-19,0.565,,49.0,52.5
TTADDA_NARO_2023_F1P18,2023-08-22,,14.625,,
TTADDA_NARO_2023_F1P18,2023-08-27,0.335,,52.5,47.5
TTADDA_NARO_2023_F1P18,2023-08-29,,7.05,,
TTADDA_NARO_2023_F1P18,2023-09-04,0.245,,0.0,0.0
TTADDA_NARO_2023_F1P18,2023-09-11,,,,
TTADDA_NARO_2023_F1P19,2023-06-06,,,2.25,12.75
TTADDA_NARO_2023_F1P19,2023-06-07,0.155,,,
TTADDA_NARO_2023_F1P19,2023-06-11,,,5.0,28.0
TTADDA_NARO_2023_F1P19,2023-06-12,0.36,53.7,,
TTADDA_NARO_2023_F1P19,2023-06-17,,,18.25,42.0
TTADDA_NARO_2023_F1P19,2023-06-19,0.47,,,
TTADDA_NARO_2023_F1P19,2023-06-20,,53.75,,
TTADDA_NARO_2023_F1P19,2023-06-24,,,27.5,48.25
TTADDA_NARO_2023_F1P19,2023-06-26,0.535,,,
TTADDA_NARO_2023_F1P19,2023-06-27,,55.2,,
TTADDA_NARO_2023_F1P19,2023-07-02,,,35.25,56.25
TTADDA_NARO_2023_F1P19,2023-07-04,0.72,46.775,,
TTADDA_NARO_2023_F1P19,2023-07-08,,,39.0,57.5
TTADDA_NARO_2023_F1P19,2023-07-09,0.8,,,
TTADDA_NARO_2023_F1P19,2023-07-11,,42.3,,
TTADDA_NARO_2023_F1P19,2023-07-16,,,39.0,61.25
TTADDA_NARO_2023_F1P19,2023-07-18,,39.875,,
TTADDA_NARO_2023_F1P19,2023-07-19,0.77,,,
TTADDA_NARO_2023_F1P19,2023-07-22,,,42.5,57.5
TTADDA_NARO_2023_F1P19,2023-07-24,0.765,36.525,,
TTADDA_NARO_2023_F1P19,2023-07-29,,,47.5,52.5
TTADDA_NARO_2023_F1P19,2023-08-01,0.57,24.7,,
TTADDA_NARO_2023_F1P19,2023-08-05,,,44.0,50.0
TTADDA_NARO_2023_F1P19,2023-08-06,0.52,,,
TTADDA_NARO_2023_F1P19,2023-08-09,,19.4,,
TTADDA_NARO_2023_F1P19,2023-08-12,0.45,,44.0,48.0
TTADDA_NARO_2023_F1P19,2023-08-15,,22.125,,
TTADDA_NARO_2023_F1P19,2023-08-19,0.27,,40.0,15.0
TTADDA_NARO_2023_F1P19,2023-08-22,,4.825,,
TTADDA_NARO_2023_F1P19,2023-08-27,,,0.0,0.0
TTADDA_NARO_2023_F1P19,2023-08-29,,0.0,,
TTADDA_NARO_2023_F1P19,2023-09-04,,,0.0,0.0
TTADDA_NARO_2023_F1P19,2023-09-11,,,,
TTADDA_NARO_2023_F1P20,2023-06-06,,,2.66666666666667,9.33333333333333
TTADDA_NARO_2023_F1P20,2023-06-07,0.16,,,
TTADDA_NARO_2023_F1P20,2023-06-11,,,6.0,24.0
TTADDA_NARO_2023_F1P20,2023-06-12,0.335,55.125,,
TTADDA_NARO_2023_F1P20,2023-06-17,,,13.0,43.0
TTADDA_NARO_2023_F1P20,2023-06-19,0.37,,,
TTADDA_NARO_2023_F1P20,2023-06-20,,51.425,,
TTADDA_NARO_2023_F1P20,2023-06-24,,,19.0,38.25
TTADDA_NARO_2023_F1P20,2023-06-26,0.5,,,
TTADDA_NARO_2023_F1P20,2023-06-27,,51.175,,
TTADDA_NARO_2023_F1P20,2023-07-02,,,36.5,51.25
TTADDA_NARO_2023_F1P20,2023-07-04,0.78,43.275,,
TTADDA_NARO_2023_F1P20,2023-07-08,,,45.0,57.5
TTADDA_NARO_2023_F1P20,2023-07-09,0.83,,,
TTADDA_NARO_2023_F1P20,2023-07-11,,37.95,,
TTADDA_NARO_2023_F1P20,2023-07-16,,,49.75,57.5
TTADDA_NARO_2023_F1P20,2023-07-18,,35.15,,
TTADDA_NARO_2023_F1P20,2023-07-19,0.815,,,
TTADDA_NARO_2023_F1P20,2023-07-22,,,50.0,67.5
TTADDA_NARO_2023_F1P20,2023-07-24,0.79,30.675,,
TTADDA_NARO_2023_F1P20,2023-07-29,,,52.5,57.5
TTADDA_NARO_2023_F1P20,2023-08-01,0.575,27.025,,
TTADDA_NARO_2023_F1P20,2023-08-05,,,52.5,52.5
TTADDA_NARO_2023_F1P20,2023-08-06,0.575,,,
TTADDA_NARO_2023_F1P20,2023-08-09,,24.95,,
TTADDA_NARO_2023_F1P20,2023-08-12,0.525,,40.0,55.0
TTADDA_NARO_2023_F1P20,2023-08-15,,20.1,,
TTADDA_NARO_2023_F1P20,2023-08-19,0.55,,40.0,35.0
TTADDA_NARO_2023_F1P20,2023-08-22,,22.1,,
TTADDA_NARO_2023_F1P20,2023-08-27,0.295,,46.5,22.5
TTADDA_NARO_2023_F1P20,2023-08-29,,16.225,,
TTADDA_NARO_2023_F1P20,2023-09-04,0.225,5.6,0.0,0.0
TTADDA_NARO_2023_F1P20,2023-09-11,,6.425,,
TTADDA_NARO_2023_F1P21,2023-06-06,,,2.5,14.0
TTADDA_NARO_2023_F1P21,2023-06-07,0.17,,,
TTADDA_NARO_2023_F1P21,2023-06-11,,,5.75,29.25
TTADDA_NARO_2023_F1P21,2023-06-12,0.245,53.425,,
TTADDA_NARO_2023_F1P21,2023-06-17,,,11.5,38.5
TTADDA_NARO_2023_F1P21,2023-06-19,0.36,,,
TTADDA_NARO_2023_F1P21,2023-06-20,,47.975,,
TTADDA_NARO_2023_F1P21,2023-06-24,,,25.25,47.5
TTADDA_NARO_2023_F1P21,2023-06-26,0.57,,,
TTADDA_NARO_2023_F1P21,2023-06-27,,55.0,,
TTADDA_NARO_2023_F1P21,2023-07-02,,,31.5,57.5
TTADDA_NARO_2023_F1P21,2023-07-04,0.835,46.85,,
TTADDA_NARO_2023_F1P21,2023-07-08,,,34.75,62.5
TTADDA_NARO_2023_F1P21,2023-07-09,0.685,,,
TTADDA_NARO_2023_F1P21,2023-07-11,,42.925,,
TTADDA_NARO_2023_F1P21,2023-07-16,,,39.0,62.5
TTADDA_NARO_2023_F1P21,2023-07-18,,39.775,,
TTADDA_NARO_2023_F1P21,2023-07-19,0.82,,,
TTADDA_NARO_2023_F1P21,2023-07-22,,,39.0,62.5
TTADDA_NARO_2023_F1P21,2023-07-24,0.76,34.15,,
TTADDA_NARO_2023_F1P21,2023-07-29,,,45.0,60.0
TTADDA_NARO_2023_F1P21,2023-08-01,0.585,29.325,,
TTADDA_NARO_2023_F1P21,2023-08-05,,,39.0,54.0
TTADDA_NARO_2023_F1P21,2023-08-06,0.49,,,
TTADDA_NARO_2023_F1P21,2023-08-09,,22.35,,
TTADDA_NARO_2023_F1P21,2023-08-12,0.455,,37.5,35.0
TTADDA_NARO_2023_F1P21,2023-08-15,,24.05,,
TTADDA_NARO_2023_F1P21,2023-08-19,0.27,,32.5,10.0
TTADDA_NARO_2023_F1P21,2023-08-22,,0.0,,
TTADDA_NARO_2023_F1P21,2023-08-27,,,52.5,0.0
TTADDA_NARO_2023_F1P21,2023-08-29,,0.0,,
TTADDA_NARO_2023_F1P21,2023-09-04,,,0.0,0.0
TTADDA_NARO_2023_F1P21,2023-09-11,,,,
TTADDA_NARO_2023_F1P22,2023-06-06,,,3.0,14.25
TTADDA_NARO_2023_F1P22,2023-06-07,0.175,,,
TTADDA_NARO_2023_F1P22,2023-06-11,,,7.75,30.25
TTADDA_NARO_2023_F1P22,2023-06-12,0.285,51.9,,
TTADDA_NARO_2023_F1P22,2023-06-17,,,19.75,43.0
TTADDA_NARO_2023_F1P22,2023-06-19,0.51,,,
TTADDA_NARO_2023_F1P22,2023-06-20,,48.75,,
TTADDA_NARO_2023_F1P22,2023-06-24,,,29.25,48.75
TTADDA_NARO_2023_F1P22,2023-06-26,0.575,,,
TTADDA_NARO_2023_F1P22,2023-06-27,,53.125,,
TTADDA_NARO_2023_F1P22,2023-07-02,,,39.5,61.25
TTADDA_NARO_2023_F1P22,2023-07-04,0.84,43.075,,
TTADDA_NARO_2023_F1P22,2023-07-08,,,48.0,67.5
TTADDA_NARO_2023_F1P22,2023-07-09,0.775,,,
TTADDA_NARO_2023_F1P22,2023-07-11,,37.275,,
TTADDA_NARO_2023_F1P22,2023-07-16,,,50.5,70.0
TTADDA_NARO_2023_F1P22,2023-07-18,,34.275,,
TTADDA_NARO_2023_F1P22,2023-07-19,0.84,,,
TTADDA_NARO_2023_F1P22,2023-07-22,,,55.0,65.0
TTADDA_NARO_2023_F1P22,2023-07-24,0.825,28.325,,
TTADDA_NARO_2023_F1P22,2023-07-29,,,60.0,67.5
TTADDA_NARO_2023_F1P22,2023-08-01,0.79,25.675,,
TTADDA_NARO_2023_F1P22,2023-08-05,,,57.5,75.0
TTADDA_NARO_2023_F1P22,2023-08-06,0.73,,,
TTADDA_NARO_2023_F1P22,2023-08-09,,21.225,,
TTADDA_NARO_2023_F1P22,2023-08-12,0.71,,55.0,70.0
TTADDA_NARO_2023_F1P22,2023-08-15,,16.775,,
TTADDA_NARO_2023_F1P22,2023-08-19,0.615,,52.5,67.5
TTADDA_NARO_2023_F1P22,2023-08-22,,15.05,,
TTADDA_NARO_2023_F1P22,2023-08-27,0.42,,24.0,30.0
TTADDA_NARO_2023_F1P22,2023-08-29,,8.6,,
TTADDA_NARO_2023_F1P22,2023-09-04,0.26,,0.0,0.0
TTADDA_NARO_2023_F1P22,2023-09-11,,,,
TTADDA_NARO_2023_F1P23,2023-06-06,,,3.0,17.0
TTADDA_NARO_2023_F1P23,2023-06-07,0.185,,,
TTADDA_NARO_2023_F1P23,2023-06-11,,,6.25,29.5
TTADDA_NARO_2023_F1P23,2023-06-12,0.275,52.925,,
TTADDA_NARO_2023_F1P23,2023-06-17,,,24.0,44.25
TTADDA_NARO_2023_F1P23,2023-06-19,0.45,,,
TTADDA_NARO_2023_F1P23,2023-06-20,,52.3,,
TTADDA_NARO_2023_F1P23,2023-06-24,,,32.0,52.5
TTADDA_NARO_2023_F1P23,2023-06-26,0.485,,,
TTADDA_NARO_2023_F1P23,2023-06-27,,55.975,,
TTADDA_NARO_2023_F1P23,2023-07-02,,,40.75,63.75
TTADDA_NARO_2023_F1P23,2023-07-04,0.79,45.025,,
TTADDA_NARO_2023_F1P23,2023-07-08,,,40.0,58.75
TTADDA_NARO_2023_F1P23,2023-07-09,0.74,,,
TTADDA_NARO_2023_F1P23,2023-07-11,,44.0,,
TTADDA_NARO_2023_F1P23,2023-07-16,,,38.75,65.0
TTADDA_NARO_2023_F1P23,2023-07-18,,39.55,,
TTADDA_NARO_2023_F1P23,2023-07-19,0.865,,,
TTADDA_NARO_2023_F1P23,2023-07-22,,,40.0,57.5
TTADDA_NARO_2023_F1P23,2023-07-24,0.815,36.525,,
TTADDA_NARO_2023_F1P23,2023-07-29,,,50.0,62.5
TTADDA_NARO_2023_F1P23,2023-08-01,0.615,30.225,,
TTADDA_NARO_2023_F1P23,2023-08-05,,,45.0,55.0
TTADDA_NARO_2023_F1P23,2023-08-06,0.56,,,
TTADDA_NARO_2023_F1P23,2023-08-09,,25.55,,
TTADDA_NARO_2023_F1P23,2023-08-12,0.6,,40.0,52.5
TTADDA_NARO_2023_F1P23,2023-08-15,,23.775,,
TTADDA_NARO_2023_F1P23,2023-08-19,0.485,,46.5,35.0
TTADDA_NARO_2023_F1P23,2023-08-22,,14.875,,
TTADDA_NARO_2023_F1P23,2023-08-27,0.17,,0.0,2.5
TTADDA_NARO_2023_F1P23,2023-08-29,,2.45,,
TTADDA_NARO_2023_F1P23,2023-09-04,,,0.0,0.0
TTADDA_NARO_2023_F1P23,2023-09-11,,,,
TTADDA_NARO_2023_F1P24,2023-06-06,,,3.0,17.6666666666667
TTADDA_NARO_2023_F1P24,2023-06-07,0.19,,,
TTADDA_NARO_2023_F1P24,2023-06-11,,,7.25,38.25
TTADDA_NARO_2023_F1P24,2023-06-12,0.315,50.25,,
TTADDA_NARO_2023_F1P24,2023-06-17,,,19.0,42.0
TTADDA_NARO_2023_F1P24,2023-06-19,0.36,,,
TTADDA_NARO_2023_F1P24,2023-06-20,,50.075,,
TTADDA_NARO_2023_F1P24,2023-06-24,,,26.5,52.0
TTADDA_NARO_2023_F1P24,2023-06-26,0.57,,,
TTADDA_NARO_2023_F1P24,2023-06-27,,55.875,,
TTADDA_NARO_2023_F1P24,2023-07-02,,,37.75,58.75
TTADDA_NARO_2023_F1P24,2023-07-04,0.825,49.275,,
TTADDA_NARO_2023_F1P24,2023-07-08,,,51.75,63.75
TTADDA_NARO_2023_F1P24,2023-07-09,0.795,,,
TTADDA_NARO_2023_F1P24,2023-07-11,,42.6,,
TTADDA_NARO_2023_F1P24,2023-07-16,,,55.75,63.75
TTADDA_NARO_2023_F1P24,2023-07-18,,39.55,,
TTADDA_NARO_2023_F1P24,2023-07-19,0.82,,,
TTADDA_NARO_2023_F1P24,2023-07-22,,,57.5,65.0
TTADDA_NARO_2023_F1P24,2023-07-24,0.75,30.55,,
TTADDA_NARO_2023_F1P24,2023-07-29,,,60.0,67.5
TTADDA_NARO_2023_F1P24,2023-08-01,0.65,25.675,,
TTADDA_NARO_2023_F1P24,2023-08-05,,,55.0,72.5
TTADDA_NARO_2023_F1P24,2023-08-06,0.565,,,
TTADDA_NARO_2023_F1P24,2023-08-09,,18.525,,
TTADDA_NARO_2023_F1P24,2023-08-12,0.485,,55.0,70.0
TTADDA_NARO_2023_F1P24,2023-08-15,,8.825,,
TTADDA_NARO_2023_F1P24,2023-08-19,0.34,,25.0,7.5
TTADDA_NARO_2023_F1P24,2023-08-22,,0.0,,
TTADDA_NARO_2023_F1P24,2023-08-27,,,0.0,0.0
TTADDA_NARO_2023_F1P24,2023-08-29,,0.0,,
TTADDA_NARO_2023_F1P24,2023-09-04,,,0.0,0.0
TTADDA_NARO_2023_F1P24,2023-09-11,,,,
TTADDA_NARO_2023_F1P25,2023-06-06,,,3.5,18.5
TTADDA_NARO_2023_F1P25,2023-06-07,0.18,,,
TTADDA_NARO_2023_F1P25,2023-06-11,,,7.25,37.0
TTADDA_NARO_2023_F1P25,2023-06-12,0.24,52.775,,
TTADDA_NARO_2023_F1P25,2023-06-17,,,19.75,46.0
TTADDA_NARO_2023_F1P25,2023-06-19,0.415,,,
TTADDA_NARO_2023_F1P25,2023-06-20,,52.975,,
TTADDA_NARO_2023_F1P25,2023-06-24,,,30.25,53.75
TTADDA_NARO_2023_F1P25,2023-06-26,0.46,,,
TTADDA_NARO_2023_F1P25,2023-06-27,,56.15,,
TTADDA_NARO_2023_F1P25,2023-07-02,,,38.0,57.5
TTADDA_NARO_2023_F1P25,2023-07-04,0.745,47.1,,
TTADDA_NARO_2023_F1P25,2023-07-08,,,53.0,63.75
TTADDA_NARO_2023_F1P25,2023-07-09,0.755,,,
TTADDA_NARO_2023_F1P25,2023-07-11,,44.8,,
TTADDA_NARO_2023_F1P25,2023-07-16,,,56.25,63.75
TTADDA_NARO_2023_F1P25,2023-07-18,,40.9,,
TTADDA_NARO_2023_F1P25,2023-07-19,0.825,,,
TTADDA_NARO_2023_F1P25,2023-07-22,,,57.5,62.5
TTADDA_NARO_2023_F1P25,2023-07-24,0.74,34.7,,
TTADDA_NARO_2023_F1P25,2023-07-29,,,60.0,70.0
TTADDA_NARO_2023_F1P25,2023-08-01,0.7,16.875,,
TTADDA_NARO_2023_F1P25,2023-08-05,,,60.0,65.0
TTADDA_NARO_2023_F1P25,2023-08-06,0.63,,,
TTADDA_NARO_2023_F1P25,2023-08-09,,19.875,,
TTADDA_NARO_2023_F1P25,2023-08-12,0.47,,55.0,70.0
TTADDA_NARO_2023_F1P25,2023-08-15,,9.45,,
TTADDA_NARO_2023_F1P25,2023-08-19,0.375,,25.0,10.0
TTADDA_NARO_2023_F1P25,2023-08-22,,0.0,,
TTADDA_NARO_2023_F1P25,2023-08-27,,,0.0,0.0
TTADDA_NARO_2023_F1P25,2023-08-29,,0.0,,
TTADDA_NARO_2023_F1P25,2023-09-04,,,0.0,0.0
TTADDA_NARO_2023_F1P25,2023-09-11,,,,
TTADDA_NARO_2023_F1P26,2023-06-06,,,3.0,15.5
TTADDA_NARO_2023_F1P26,2023-06-07,0.22,,,
TTADDA_NARO_2023_F1P26,2023-06-11,,,5.75,29.5
TTADDA_NARO_2023_F1P26,2023-06-12,0.47,57.175,,
TTADDA_NARO_2023_F1P26,2023-06-17,,,18.75,42.75
TTADDA_NARO_2023_F1P26,2023-06-19,0.465,,,
TTADDA_NARO_2023_F1P26,2023-06-20,,49.6,,
TTADDA_NARO_2023_F1P26,2023-06-24,,,34.0,51.25
TTADDA_NARO_2023_F1P26,2023-06-26,0.5,,,
TTADDA_NARO_2023_F1P26,2023-06-27,,53.8,,
TTADDA_NARO_2023_F1P26,2023-07-02,,,30.75,56.25
TTADDA_NARO_2023_F1P26,2023-07-04,0.845,47.3,,
TTADDA_NARO_2023_F1P26,2023-07-08,,,30.0,58.75
TTADDA_NARO_2023_F1P26,2023-07-09,0.64,,,
TTADDA_NARO_2023_F1P26,2023-07-11,,45.375,,
TTADDA_NARO_2023_F1P26,2023-07-16,,,34.5,62.5
TTADDA_NARO_2023_F1P26,2023-07-18,,41.875,,
TTADDA_NARO_2023_F1P26,2023-07-19,0.8,,,
TTADDA_NARO_2023_F1P26,2023-07-22,,,37.5,60.0
TTADDA_NARO_2023_F1P26,2023-07-24,0.78,37.55,,
TTADDA_NARO_2023_F1P26,2023-07-29,,,37.5,60.0
TTADDA_NARO_2023_F1P26,2023-08-01,0.685,32.1,,
TTADDA_NARO_2023_F1P26,2023-08-05,,,32.5,65.0
TTADDA_NARO_2023_F1P26,2023-08-06,0.585,,,
TTADDA_NARO_2023_F1P26,2023-08-09,,21.1,,
TTADDA_NARO_2023_F1P26,2023-08-12,0.535,,30.0,40.0
TTADDA_NARO_2023_F1P26,2023-08-15,,18.175,,
TTADDA_NARO_2023_F1P26,2023-08-19,0.235,,0.0,0.0
TTADDA_NARO_2023_F1P26,2023-08-22,,0.0,,
TTADDA_NARO_2023_F1P26,2023-08-27,,,0.0,0.0
TTADDA_NARO_2023_F1P26,2023-08-29,,0.0,,
TTADDA_NARO_2023_F1P26,2023-09-04,,,0.0,0.0
TTADDA_NARO_2023_F1P26,2023-09-11,,,,
TTADDA_NARO_2023_F1P27,2023-06-06,,,4.5,18.25
TTADDA_NARO_2023_F1P27,2023-06-07,0.195,,,
TTADDA_NARO_2023_F1P27,2023-06-11,,,8.75,32.5
TTADDA_NARO_2023_F1P27,2023-06-12,0.39,55.3,,
TTADDA_NARO_2023_F1P27,2023-06-17,,,20.25,45.5
TTADDA_NARO_2023_F1P27,2023-06-19,0.485,,,
TTADDA_NARO_2023_F1P27,2023-06-20,,53.7,,
TTADDA_NARO_2023_F1P27,2023-06-24,,,32.25,53.75
TTADDA_NARO_2023_F1P27,2023-06-26,0.63,,,
TTADDA_NARO_2023_F1P27,2023-06-27,,55.925,,
TTADDA_NARO_2023_F1P27,2023-07-02,,,39.5,65.0
TTADDA_NARO_2023_F1P27,2023-07-04,0.825,46.125,,
TTADDA_NARO_2023_F1P27,2023-07-08,,,54.5,70.0
TTADDA_NARO_2023_F1P27,2023-07-09,0.79,,,
TTADDA_NARO_2023_F1P27,2023-07-11,,41.15,,
TTADDA_NARO_2023_F1P27,2023-07-16,,,53.5,72.5
TTADDA_NARO_2023_F1P27,2023-07-18,,40.4,,
TTADDA_NARO_2023_F1P27,2023-07-19,0.86,,,
TTADDA_NARO_2023_F1P27,2023-07-22,,,55.0,77.5
TTADDA_NARO_2023_F1P27,2023-07-24,0.87,37.275,,
TTADDA_NARO_2023_F1P27,2023-07-29,,,50.0,75.0
TTADDA_NARO_2023_F1P27,2023-08-01,0.73,31.325,,
TTADDA_NARO_2023_F1P27,2023-08-05,,,52.5,75.0
TTADDA_NARO_2023_F1P27,2023-08-06,0.685,,,
TTADDA_NARO_2023_F1P27,2023-08-09,,26.475,,
TTADDA_NARO_2023_F1P27,2023-08-12,0.64,,47.5,55.0
TTADDA_NARO_2023_F1P27,2023-08-15,,22.025,,
TTADDA_NARO_2023_F1P27,2023-08-19,0.45,,45.0,40.0
TTADDA_NARO_2023_F1P27,2023-08-22,,22.425,,
TTADDA_NARO_2023_F1P27,2023-08-27,0.2,,0.0,0.0
TTADDA_NARO_2023_F1P27,2023-08-29,,0.0,,
TTADDA_NARO_2023_F1P27,2023-09-04,,,0.0,0.0
TTADDA_NARO_2023_F1P27,2023-09-11,,,,
TTADDA_NARO_2023_F1P28,2023-06-06,,,2.75,15.5
TTADDA_NARO_2023_F1P28,2023-06-07,0.235,,,
TTADDA_NARO_2023_F1P28,2023-06-11,,,6.75,31.0
TTADDA_NARO_2023_F1P28,2023-06-12,0.365,56.15,,
TTADDA_NARO_2023_F1P28,2023-06-17,,,18.5,38.0
TTADDA_NARO_2023_F1P28,2023-06-19,0.535,,,
TTADDA_NARO_2023_F1P28,2023-06-20,,53.8,,
TTADDA_NARO_2023_F1P28,2023-06-24,,,30.75,56.25
TTADDA_NARO_2023_F1P28,2023-06-26,0.425,,,
TTADDA_NARO_2023_F1P28,2023-06-27,,56.05,,
TTADDA_NARO_2023_F1P28,2023-07-02,,,37.25,52.5
TTADDA_NARO_2023_F1P28,2023-07-04,0.745,46.375,,
TTADDA_NARO_2023_F1P28,2023-07-08,,,38.5,58.75
TTADDA_NARO_2023_F1P28,2023-07-09,0.72,,,
TTADDA_NARO_2023_F1P28,2023-07-11,,45.2,,
TTADDA_NARO_2023_F1P28,2023-07-16,,,39.75,60.0
TTADDA_NARO_2023_F1P28,2023-07-18,,41.925,,
TTADDA_NARO_2023_F1P28,2023-07-19,0.815,,,
TTADDA_NARO_2023_F1P28,2023-07-22,,,45.0,62.5
TTADDA_NARO_2023_F1P28,2023-07-24,0.79,34.05,,
TTADDA_NARO_2023_F1P28,2023-07-29,,,50.0,52.5
TTADDA_NARO_2023_F1P28,2023-08-01,0.645,24.1,,
TTADDA_NARO_2023_F1P28,2023-08-05,,,45.0,52.5
TTADDA_NARO_2023_F1P28,2023-08-06,0.575,,,
TTADDA_NARO_2023_F1P28,2023-08-09,,20.875,,
TTADDA_NARO_2023_F1P28,2023-08-12,0.57,,40.0,45.0
TTADDA_NARO_2023_F1P28,2023-08-15,,17.675,,
TTADDA_NARO_2023_F1P28,2023-08-19,0.31,,36.5,10.0
TTADDA_NARO_2023_F1P28,2023-08-22,,3.935,,
TTADDA_NARO_2023_F1P28,2023-08-27,,,0.0,0.0
TTADDA_NARO_2023_F1P28,2023-08-29,,0.0,,
TTADDA_NARO_2023_F1P28,2023-09-04,,,0.0,0.0
TTADDA_NARO_2023_F1P28,2023-09-11,,,,
TTADDA_NARO_2023_F1P29,2023-06-06,,,2.5,10.0
TTADDA_NARO_2023_F1P29,2023-06-07,0.205,,,
TTADDA_NARO_2023_F1P29,2023-06-11,,,5.5,27.75
TTADDA_NARO_2023_F1P29,2023-06-12,0.34,50.025,,
TTADDA_NARO_2023_F1P29,2023-06-17,,,15.0,38.0
TTADDA_NARO_2023_F1P29,2023-06-19,0.435,,,
TTADDA_NARO_2023_F1P29,2023-06-20,,49.975,,
TTADDA_NARO_2023_F1P29,2023-06-24,,,22.75,47.5
TTADDA_NARO_2023_F1P29,2023-06-26,0.42,,,
TTADDA_NARO_2023_F1P29,2023-06-27,,56.85,,
TTADDA_NARO_2023_F1P29,2023-07-02,,,40.0,61.25
TTADDA_NARO_2023_F1P29,2023-07-04,0.775,45.4,,
TTADDA_NARO_2023_F1P29,2023-07-08,,,52.5,68.75
TTADDA_NARO_2023_F1P29,2023-07-09,0.77,,,
TTADDA_NARO_2023_F1P29,2023-07-11,,44.5,,
TTADDA_NARO_2023_F1P29,2023-07-16,,,60.0,65.0
TTADDA_NARO_2023_F1P29,2023-07-18,,39.025,,
TTADDA_NARO_2023_F1P29,2023-07-19,0.795,,,
TTADDA_NARO_2023_F1P29,2023-07-22,,,60.0,65.0
TTADDA_NARO_2023_F1P29,2023-07-24,0.78,33.85,,
TTADDA_NARO_2023_F1P29,2023-07-29,,,65.0,67.5
TTADDA_NARO_2023_F1P29,2023-08-01,0.675,21.75,,
TTADDA_NARO_2023_F1P29,2023-08-05,,,62.5,65.0
TTADDA_NARO_2023_F1P29,2023-08-06,0.6,,,
TTADDA_NARO_2023_F1P29,2023-08-09,,16.05,,
TTADDA_NARO_2023_F1P29,2023-08-12,0.555,,57.5,62.5
TTADDA_NARO_2023_F1P29,2023-08-15,,8.525,,
TTADDA_NARO_2023_F1P29,2023-08-19,0.31,,20.0,2.5
TTADDA_NARO_2023_F1P29,2023-08-22,,5.45,,
TTADDA_NARO_2023_F1P29,2023-08-27,,,0.0,0.0
TTADDA_NARO_2023_F1P29,2023-08-29,,0.0,,
TTADDA_NARO_2023_F1P29,2023-09-04,,,0.0,0.0
TTADDA_NARO_2023_F1P29,2023-09-11,,,,
TTADDA_NARO_2023_F1P30,2023-06-06,,,2.66666666666667,12.3333333333333
TTADDA_NARO_2023_F1P30,2023-06-07,0.2,,,
TTADDA_NARO_2023_F1P30,2023-06-11,,,6.25,25.75
TTADDA_NARO_2023_F1P30,2023-06-12,0.225,54.425,,
TTADDA_NARO_2023_F1P30,2023-06-17,,,16.5,33.0
TTADDA_NARO_2023_F1P30,2023-06-19,0.435,,,
TTADDA_NARO_2023_F1P30,2023-06-20,,48.425,,
TTADDA_NARO_2023_F1P30,2023-06-24,,,25.0,42.0
TTADDA_NARO_2023_F1P30,2023-06-26,0.45,,,
TTADDA_NARO_2023_F1P30,2023-06-27,,52.675,,
TTADDA_NARO_2023_F1P30,2023-07-02,,,37.5,52.5
TTADDA_NARO_2023_F1P30,2023-07-04,0.755,40.45,,
TTADDA_NARO_2023_F1P30,2023-07-08,,,44.0,50.0
TTADDA_NARO_2023_F1P30,2023-07-09,0.755,,,
TTADDA_NARO_2023_F1P30,2023-07-11,,41.45,,
TTADDA_NARO_2023_F1P30,2023-07-16,,,46.25,58.75
TTADDA_NARO_2023_F1P30,2023-07-18,,37.875,,
TTADDA_NARO_2023_F1P30,2023-07-19,0.825,,,
TTADDA_NARO_2023_F1P30,2023-07-22,,,47.5,60.0
TTADDA_NARO_2023_F1P30,2023-07-24,0.81,37.525,,
TTADDA_NARO_2023_F1P30,2023-07-29,,,47.5,60.0
TTADDA_NARO_2023_F1P30,2023-08-01,0.64,31.85,,
TTADDA_NARO_2023_F1P30,2023-08-05,,,48.0,52.5
TTADDA_NARO_2023_F1P30,2023-08-06,0.575,,,
TTADDA_NARO_2023_F1P30,2023-08-09,,29.9,,
TTADDA_NARO_2023_F1P30,2023-08-12,0.58,,49.0,47.5
TTADDA_NARO_2023_F1P30,2023-08-15,,22.175,,
TTADDA_NARO_2023_F1P30,2023-08-19,0.445,,31.5,50.0
TTADDA_NARO_2023_F1P30,2023-08-22,,23.4,,
TTADDA_NARO_2023_F1P30,2023-08-27,0.245,,45.0,22.5
TTADDA_NARO_2023_F1P30,2023-08-29,,17.775,,
TTADDA_NARO_2023_F1P30,2023-09-04,0.2,5.7,0.0,0.0
TTADDA_NARO_2023_F1P30,2023-09-11,,4.25,,
TTADDA_NARO_2023_F1P31,2023-06-06,,,3.75,18.5
TTADDA_NARO_2023_F1P31,2023-06-07,0.22,,,
TTADDA_NARO_2023_F1P31,2023-06-11,,,7.25,31.5
TTADDA_NARO_2023_F1P31,2023-06-12,0.435,53.125,,
TTADDA_NARO_2023_F1P31,2023-06-17,,,14.5,38.75
TTADDA_NARO_2023_F1P31,2023-06-19,0.505,,,
TTADDA_NARO_2023_F1P31,2023-06-20,,47.25,,
TTADDA_NARO_2023_F1P31,2023-06-24,,,27.0,57.75
TTADDA_NARO_2023_F1P31,2023-06-26,0.555,,,
TTADDA_NARO_2023_F1P31,2023-06-27,,53.175,,
TTADDA_NARO_2023_F1P31,2023-07-02,,,41.5,63.75
TTADDA_NARO_2023_F1P31,2023-07-04,0.785,44.025,,
TTADDA_NARO_2023_F1P31,2023-07-08,,,57.25,62.5
TTADDA_NARO_2023_F1P31,2023-07-09,0.76,,,
TTADDA_NARO_2023_F1P31,2023-07-11,,41.2,,
TTADDA_NARO_2023_F1P31,2023-07-16,,,68.5,60.0
TTADDA_NARO_2023_F1P31,2023-07-18,,37.975,,
TTADDA_NARO_2023_F1P31,2023-07-19,0.815,,,
TTADDA_NARO_2023_F1P31,2023-07-22,,,70.0,60.0
TTADDA_NARO_2023_F1P31,2023-07-24,0.825,33.55,,
TTADDA_NARO_2023_F1P31,2023-07-29,,,77.5,60.0
TTADDA_NARO_2023_F1P31,2023-08-01,0.8,27.125,,
TTADDA_NARO_2023_F1P31,2023-08-05,,,72.5,62.5
TTADDA_NARO_2023_F1P31,2023-08-06,0.775,,,
TTADDA_NARO_2023_F1P31,2023-08-09,,18.9,,
TTADDA_NARO_2023_F1P31,2023-08-12,0.705,,65.0,62.5
TTADDA_NARO_2023_F1P31,2023-08-15,,18.15,,
TTADDA_NARO_2023_F1P31,2023-08-19,0.54,,65.0,55.0
TTADDA_NARO_2023_F1P31,2023-08-22,,17.325,,
TTADDA_NARO_2023_F1P31,2023-08-27,0.2,,0.0,0.0
TTADDA_NARO_2023_F1P31,2023-08-29,,9.6,,
TTADDA_NARO_2023_F1P31,2023-09-04,,,0.0,0.0
TTADDA_NARO_2023_F1P31,2023-09-11,,,,
TTADDA_NARO_2023_F1P32,2023-06-06,,,3.0,16.25
TTADDA_NARO_2023_F1P32,2023-06-07,0.245,,,
TTADDA_NARO_2023_F1P32,2023-06-11,,,5.0,31.25
TTADDA_NARO_2023_F1P32,2023-06-12,0.465,51.525,,
TTADDA_NARO_2023_F1P32,2023-06-17,,,13.75,40.0
TTADDA_NARO_2023_F1P32,2023-06-19,0.49,,,
TTADDA_NARO_2023_F1P32,2023-06-20,,52.3,,
TTADDA_NARO_2023_F1P32,2023-06-24,,,24.5,53.75
TTADDA_NARO_2023_F1P32,2023-06-26,0.475,,,
TTADDA_NARO_2023_F1P32,2023-06-27,,57.2,,
TTADDA_NARO_2023_F1P32,2023-07-02,,,39.0,60.0
TTADDA_NARO_2023_F1P32,2023-07-04,0.735,44.95,,
TTADDA_NARO_2023_F1P32,2023-07-08,,,48.25,62.5
TTADDA_NARO_2023_F1P32,2023-07-09,0.75,,,
TTADDA_NARO_2023_F1P32,2023-07-11,,44.475,,
TTADDA_NARO_2023_F1P32,2023-07-16,,,50.0,60.0
TTADDA_NARO_2023_F1P32,2023-07-18,,44.05,,
TTADDA_NARO_2023_F1P32,2023-07-19,0.9,,,
TTADDA_NARO_2023_F1P32,2023-07-22,,,52.5,60.0
TTADDA_NARO_2023_F1P32,2023-07-24,0.855,41.2,,
TTADDA_NARO_2023_F1P32,2023-07-29,,,62.5,60.0
TTADDA_NARO_2023_F1P32,2023-08-01,0.835,37.05,,
TTADDA_NARO_2023_F1P32,2023-08-05,,,60.0,60.0
TTADDA_NARO_2023_F1P32,2023-08-06,0.78,,,
TTADDA_NARO_2023_F1P32,2023-08-09,,33.325,,
TTADDA_NARO_2023_F1P32,2023-08-12,0.805,,57.5,55.0
TTADDA_NARO_2023_F1P32,2023-08-15,,28.3,,
TTADDA_NARO_2023_F1P32,2023-08-19,0.535,,60.0,42.5
TTADDA_NARO_2023_F1P32,2023-08-22,,24.525,,
TTADDA_NARO_2023_F1P32,2023-08-27,0.2,,15.0,2.5
TTADDA_NARO_2023_F1P32,2023-08-29,,0.0,,
TTADDA_NARO_2023_F1P32,2023-09-04,,,0.0,0.0
TTADDA_NARO_2023_F1P32,2023-09-11,,,,
TTADDA_NARO_2023_F1P33,2023-06-06,,,2.75,17.0
TTADDA_NARO_2023_F1P33,2023-06-07,0.205,,,
TTADDA_NARO_2023_F1P33,2023-06-11,,,7.75,35.5
TTADDA_NARO_2023_F1P33,2023-06-12,0.28,56.2,,
TTADDA_NARO_2023_F1P33,2023-06-17,,,21.25,46.75
TTADDA_NARO_2023_F1P33,2023-06-19,0.41,,,
TTADDA_NARO_2023_F1P33,2023-06-20,,51.925,,
TTADDA_NARO_2023_F1P33,2023-06-24,,,31.0,48.75
TTADDA_NARO_2023_F1P33,2023-06-26,0.525,,,
TTADDA_NARO_2023_F1P33,2023-06-27,,58.6,,
TTADDA_NARO_2023_F1P33,2023-07-02,,,42.0,58.75
TTADDA_NARO_2023_F1P33,2023-07-04,0.825,47.85,,
TTADDA_NARO_2023_F1P33,2023-07-08,,,51.0,61.25
TTADDA_NARO_2023_F1P33,2023-07-09,0.805,,,
TTADDA_NARO_2023_F1P33,2023-07-11,,43.0,,
TTADDA_NARO_2023_F1P33,2023-07-16,,,54.75,63.75
TTADDA_NARO_2023_F1P33,2023-07-18,,39.2,,
TTADDA_NARO_2023_F1P33,2023-07-19,0.82,,,
TTADDA_NARO_2023_F1P33,2023-07-22,,,60.0,62.5
TTADDA_NARO_2023_F1P33,2023-07-24,0.77,27.025,,
TTADDA_NARO_2023_F1P33,2023-07-29,,,62.5,62.5
TTADDA_NARO_2023_F1P33,2023-08-01,0.705,27.35,,
TTADDA_NARO_2023_F1P33,2023-08-05,,,57.5,62.5
TTADDA_NARO_2023_F1P33,2023-08-06,0.65,,,
TTADDA_NARO_2023_F1P33,2023-08-09,,18.4025,,
TTADDA_NARO_2023_F1P33,2023-08-12,0.51,,52.5,62.5
TTADDA_NARO_2023_F1P33,2023-08-15,,8.575,,
TTADDA_NARO_2023_F1P33,2023-08-19,0.34,,42.5,15.0
TTADDA_NARO_2023_F1P33,2023-08-22,,0.0,,
TTADDA_NARO_2023_F1P33,2023-08-27,,,0.0,0.0
TTADDA_NARO_2023_F1P33,2023-08-29,,0.0,,
TTADDA_NARO_2023_F1P33,2023-09-04,,,0.0,0.0
TTADDA_NARO_2023_F1P33,2023-09-11,,,,
TTADDA_NARO_2023_F1P34,2023-06-06,,,2.75,11.5
TTADDA_NARO_2023_F1P34,2023-06-07,0.19,,,
TTADDA_NARO_2023_F1P34,2023-06-11,,,5.75,27.5
TTADDA_NARO_2023_F1P34,2023-06-12,0.255,53.675,,
TTADDA_NARO_2023_F1P34,2023-06-17,,,15.25,39.0
TTADDA_NARO_2023_F1P34,2023-06-19,0.45,,,
TTADDA_NARO_2023_F1P34,2023-06-20,,57.25,,
TTADDA_NARO_2023_F1P34,2023-06-24,,,25.0,50.0
TTADDA_NARO_2023_F1P34,2023-06-26,0.515,,,
TTADDA_NARO_2023_F1P34,2023-06-27,,59.05,,
TTADDA_NARO_2023_F1P34,2023-07-02,,,38.75,67.0
TTADDA_NARO_2023_F1P34,2023-07-04,0.85,45.3,,
TTADDA_NARO_2023_F1P34,2023-07-08,,,48.0,68.75
TTADDA_NARO_2023_F1P34,2023-07-09,0.875,,,
TTADDA_NARO_2023_F1P34,2023-07-11,,44.325,,
TTADDA_NARO_2023_F1P34,2023-07-16,,,49.5,73.75
TTADDA_NARO_2023_F1P34,2023-07-18,,41.825,,
TTADDA_NARO_2023_F1P34,2023-07-19,0.905,,,
TTADDA_NARO_2023_F1P34,2023-07-22,,,52.5,70.0
TTADDA_NARO_2023_F1P34,2023-07-24,0.86,36.85,,
TTADDA_NARO_2023_F1P34,2023-07-29,,,55.0,72.5
TTADDA_NARO_2023_F1P34,2023-08-01,0.795,27.5,,
TTADDA_NARO_2023_F1P34,2023-08-05,,,50.0,72.5
TTADDA_NARO_2023_F1P34,2023-08-06,0.76,,,
TTADDA_NARO_2023_F1P34,2023-08-09,,25.2,,
TTADDA_NARO_2023_F1P34,2023-08-12,0.645,,51.5,62.5
TTADDA_NARO_2023_F1P34,2023-08-15,,21.15,,
TTADDA_NARO_2023_F1P34,2023-08-19,0.39,,45.0,17.5
TTADDA_NARO_2023_F1P34,2023-08-22,,12.75,,
TTADDA_NARO_2023_F1P34,2023-08-27,,,0.0,0.0
TTADDA_NARO_2023_F1P34,2023-08-29,,0.0,,
TTADDA_NARO_2023_F1P34,2023-09-04,,,0.0,0.0
TTADDA_NARO_2023_F1P34,2023-09-11,,,,
TTADDA_NARO_2023_F1P35,2023-06-06,,,4.66666666666667,19.0
TTADDA_NARO_2023_F1P35,2023-06-07,0.275,,,
TTADDA_NARO_2023_F1P35,2023-06-11,,,8.25,35.75
TTADDA_NARO_2023_F1P35,2023-06-12,0.355,54.025,,
TTADDA_NARO_2023_F1P35,2023-06-17,,,22.0,47.5
TTADDA_NARO_2023_F1P35,2023-06-19,0.615,,,
TTADDA_NARO_2023_F1P35,2023-06-20,,52.675,,
TTADDA_NARO_2023_F1P35,2023-06-24,,,32.75,56.25
TTADDA_NARO_2023_F1P35,2023-06-26,0.51,,,
TTADDA_NARO_2023_F1P35,2023-06-27,,58.125,,
TTADDA_NARO_2023_F1P35,2023-07-02,,,38.5,66.25
TTADDA_NARO_2023_F1P35,2023-07-04,0.825,47.2,,
TTADDA_NARO_2023_F1P35,2023-07-08,,,40.0,68.75
TTADDA_NARO_2023_F1P35,2023-07-09,0.87,,,
TTADDA_NARO_2023_F1P35,2023-07-11,,42.8,,
TTADDA_NARO_2023_F1P35,2023-07-16,,,42.75,73.75
TTADDA_NARO_2023_F1P35,2023-07-18,,41.0,,
TTADDA_NARO_2023_F1P35,2023-07-19,0.875,,,
TTADDA_NARO_2023_F1P35,2023-07-22,,,47.5,67.5
TTADDA_NARO_2023_F1P35,2023-07-24,0.85,34.0,,
TTADDA_NARO_2023_F1P35,2023-07-29,,,47.5,57.5
TTADDA_NARO_2023_F1P35,2023-08-01,0.745,27.75,,
TTADDA_NARO_2023_F1P35,2023-08-05,,,45.0,60.0
TTADDA_NARO_2023_F1P35,2023-08-06,0.71,,,
TTADDA_NARO_2023_F1P35,2023-08-09,,23.375,,
TTADDA_NARO_2023_F1P35,2023-08-12,0.665,,47.5,57.5
TTADDA_NARO_2023_F1P35,2023-08-15,,18.6,,
TTADDA_NARO_2023_F1P35,2023-08-19,0.475,,37.5,20.0
TTADDA_NARO_2023_F1P35,2023-08-22,,9.45,,
TTADDA_NARO_2023_F1P35,2023-08-27,,,0.0,0.0
TTADDA_NARO_2023_F1P35,2023-08-29,,0.0,,
TTADDA_NARO_2023_F1P35,2023-09-04,,,0.0,0.0
TTADDA_NARO_2023_F1P35,2023-09-11,,,,
