collectionDate,air_temp_avg,air_temp_max,air_temp_min,air_rh_avg,precipitation_mm,rad_MJm2,soil_temp_depth5cm,soil_temp_depth10cm,soil_temp_depth30cm,soil_temp_depth50cm,soil_watercontent_depth5cm,soil_watercontent_depth10cm,soil_watercontent_depth30cm,soil_watercontent_depth50cm,obsUnitId
2023-01-01,-7.49,0.31,-18.17,67.5,0.0,6.05,-0.1,0.4,2.4,4.1,13.3,23.5,36.5,40.1,TTADDA_NARO_2023_F1
2023-01-02,-8.08,-5.62,-13.65,50.0,0.0,6.92,-0.1,0.4,2.4,4.1,12.8,23.3,36.4,40.1,TTADDA_NARO_2023_F1
2023-01-03,-11.43,-6.7,-17.34,75.6,0.0,5.94,-0.1,0.4,2.4,4.1,12.2,23.2,36.3,40.1,TTADDA_NARO_2023_F1
2023-01-04,-13.74,-5.38,-20.18,74.6,0.0,8.87,-0.2,0.4,2.3,4.0,11.3,23.0,36.1,40.1,TTADDA_NARO_2023_F1
2023-01-05,-9.81,-3.04,-20.84,68.0,0.0,7.42,-0.2,0.4,2.3,4.0,10.4,22.7,35.9,40.0,TTADDA_NARO_2023_F1
2023-01-06,-6.08,-0.4,-16.66,62.6,0.0,8.46,-0.2,0.3,2.3,3.9,10.1,22.4,35.6,39.9,TTADDA_NARO_2023_F1
2023-01-07,-11.64,-2.36,-18.57,77.6,0.0,8.74,-0.2,0.3,2.2,3.9,10.1,22.4,35.4,39.8,TTADDA_NARO_2023_F1
2023-01-08,-11.76,-4.12,-19.59,80.4,0.0,8.51,-0.2,0.3,2.2,3.9,10.0,22.2,35.2,39.7,TTADDA_NARO_2023_F1
2023-01-09,-9.55,-3.62,-18.51,85.2,0.0,6.62,-0.3,0.2,2.2,3.8,9.9,22.1,35.0,39.6,TTADDA_NARO_2023_F1
2023-01-10,-7.52,-3.12,-15.99,66.0,0.0,9.19,-0.2,0.2,2.1,3.8,9.9,22.0,34.8,39.5,TTADDA_NARO_2023_F1
2023-01-11,-10.36,-3.49,-16.18,70.9,0.0,8.98,-0.3,0.2,2.1,3.7,9.9,21.9,34.6,39.4,TTADDA_NARO_2023_F1
2023-01-12,-8.27,3.39,-13.96,78.5,0.0,8.87,-0.3,0.2,2.1,3.7,9.8,21.8,34.5,39.3,TTADDA_NARO_2023_F1
2023-01-13,-8.06,-1.4,-16.71,83.8,0.0,7.28,-0.3,0.2,2.1,3.7,9.8,21.7,34.3,39.3,TTADDA_NARO_2023_F1
2023-01-14,-1.21,4.65,-6.7,83.6,0.5,2.46,-0.2,0.2,2.0,3.6,9.8,21.7,34.2,39.2,TTADDA_NARO_2023_F1
2023-01-15,-8.99,-6.61,-14.01,80.2,0.0,6.02,-0.2,0.2,2.0,3.6,10.1,21.8,34.1,39.1,TTADDA_NARO_2023_F1
2023-01-16,-8.02,-3.01,-18.07,76.8,3.0,6.96,-0.1,0.2,2.0,3.5,10.4,21.9,34.2,39.0,TTADDA_NARO_2023_F1
2023-01-17,-15.72,-5.94,-23.6,74.2,0.0,9.58,-0.1,0.2,2.0,3.5,10.5,22.1,34.4,39.0,TTADDA_NARO_2023_F1
2023-01-18,-11.04,-2.24,-22.51,71.9,0.0,7.9,-0.1,0.2,1.9,3.5,10.5,22.2,34.5,39.0,TTADDA_NARO_2023_F1
2023-01-19,-16.55,-6.69,-26.42,75.5,0.0,10.19,-0.1,0.2,1.9,3.5,10.4,22.2,34.6,39.0,TTADDA_NARO_2023_F1
2023-01-20,-6.11,0.75,-11.96,79.9,8.5,8.13,-0.1,0.2,1.9,3.4,10.3,22.2,34.6,39.1,TTADDA_NARO_2023_F1
2023-01-21,-6.91,-4.19,-15.68,68.6,0.5,5.19,-0.1,0.2,1.9,3.4,10.3,22.2,34.6,39.1,TTADDA_NARO_2023_F1
2023-01-22,-10.21,-4.22,-23.26,64.5,0.0,10.48,-0.1,0.2,1.9,3.4,10.5,22.2,34.6,39.1,TTADDA_NARO_2023_F1
2023-01-23,-10.82,-4.85,-23.66,74.1,3.0,8.84,-0.1,0.2,1.9,3.3,10.6,22.3,34.7,39.1,TTADDA_NARO_2023_F1
2023-01-24,-11.23,-3.93,-21.35,75.5,4.5,4.0,-0.1,0.2,1.9,3.3,10.6,22.4,34.8,39.1,TTADDA_NARO_2023_F1
2023-01-25,-12.43,-9.69,-23.97,52.1,0.0,8.47,-0.1,0.2,1.9,3.3,10.7,22.4,34.8,39.1,TTADDA_NARO_2023_F1
2023-01-26,-8.4,-5.71,-10.79,50.3,0.0,11.39,-0.1,0.2,1.8,3.3,10.8,22.5,34.9,39.1,TTADDA_NARO_2023_F1
2023-01-27,-12.06,-2.42,-24.43,57.7,0.0,11.42,-0.1,0.2,1.8,3.2,10.9,22.6,35.0,39.1,TTADDA_NARO_2023_F1
2023-01-28,-15.29,-4.47,-26.72,65.6,0.0,11.73,-0.1,0.2,1.8,3.2,10.8,22.6,35.1,39.2,TTADDA_NARO_2023_F1
2023-01-29,-12.16,-4.77,-25.65,48.6,0.0,11.86,-0.1,0.2,1.8,3.2,10.5,22.5,35.1,39.2,TTADDA_NARO_2023_F1
2023-01-30,-17.98,-7.86,-29.87,68.3,0.0,11.57,-0.2,0.2,1.8,3.2,10.3,22.4,35.0,39.2,TTADDA_NARO_2023_F1
2023-01-31,-13.49,-3.82,-23.13,60.7,0.0,11.22,-0.2,0.2,1.8,3.1,10.1,22.2,34.9,39.2,TTADDA_NARO_2023_F1
2023-02-01,-14.35,-5.55,-26.97,80.0,3.5,8.55,-0.2,0.2,1.8,3.1,10.0,22.0,34.7,39.2,TTADDA_NARO_2023_F1
2023-02-02,-5.48,-1.84,-15.19,60.7,0.0,10.99,-0.2,0.2,1.7,3.1,9.9,21.8,34.4,39.1,TTADDA_NARO_2023_F1
2023-02-03,-12.86,-3.6,-21.85,65.3,0.0,11.62,-0.2,0.1,1.7,3.1,10.0,21.7,34.2,39.0,TTADDA_NARO_2023_F1
2023-02-04,-15.88,-4.95,-23.93,74.5,0.0,11.65,-0.2,0.1,1.7,3.1,10.1,21.8,34.2,39.0,TTADDA_NARO_2023_F1
2023-02-05,-12.19,-2.44,-20.76,75.3,0.0,11.6,-0.2,0.1,1.7,3.0,10.0,21.7,34.1,38.9,TTADDA_NARO_2023_F1
2023-02-06,-7.28,1.17,-15.91,72.1,0.0,12.5,-0.2,0.1,1.7,3.0,10.0,21.7,34.1,38.8,TTADDA_NARO_2023_F1
2023-02-07,-11.71,-0.84,-20.78,78.1,0.0,12.79,-0.2,0.1,1.6,3.0,10.1,21.7,34.0,38.8,TTADDA_NARO_2023_F1
2023-02-08,-14.26,-2.97,-22.62,77.4,0.0,12.29,-0.2,0.1,1.6,3.0,10.1,21.7,34.0,38.7,TTADDA_NARO_2023_F1
2023-02-09,-10.83,-3.94,-20.93,68.4,0.0,9.76,-0.2,0.1,1.6,2.9,10.0,21.7,34.0,38.7,TTADDA_NARO_2023_F1
2023-02-10,-14.4,-9.07,-26.99,73.8,0.0,9.02,-0.2,0.1,1.6,2.9,10.0,21.6,33.9,38.7,TTADDA_NARO_2023_F1
2023-02-11,-7.38,-1.51,-13.52,83.7,0.0,9.06,-0.2,0.1,1.6,2.9,10.0,21.6,33.8,38.6,TTADDA_NARO_2023_F1
2023-02-12,-3.31,0.82,-5.99,83.3,0.5,8.21,-0.2,0.1,1.6,2.9,10.1,21.6,33.8,38.6,TTADDA_NARO_2023_F1
2023-02-13,-6.49,-1.44,-17.19,80.2,0.0,12.63,-0.1,0.1,1.6,2.9,10.2,21.6,33.8,38.5,TTADDA_NARO_2023_F1
2023-02-14,-7.24,-1.0,-21.24,78.6,0.5,12.19,-0.1,0.1,1.6,2.8,10.3,21.7,33.8,38.5,TTADDA_NARO_2023_F1
2023-02-15,-13.39,-6.11,-26.62,63.3,0.0,15.35,-0.1,0.1,1.6,2.8,10.4,21.8,33.9,38.5,TTADDA_NARO_2023_F1
2023-02-16,-9.23,-1.69,-21.84,59.4,0.0,14.84,-0.1,0.1,1.5,2.8,10.5,21.9,34.0,38.5,TTADDA_NARO_2023_F1
2023-02-17,-10.01,-0.17,-22.09,73.0,0.0,12.69,-0.1,0.1,1.5,2.8,10.4,21.9,34.1,38.6,TTADDA_NARO_2023_F1
2023-02-18,-4.96,4.98,-15.31,80.1,0.0,13.61,-0.1,0.1,1.5,2.8,10.3,21.9,34.1,38.6,TTADDA_NARO_2023_F1
2023-02-19,-4.22,0.08,-11.13,85.6,2.0,7.17,-0.1,0.1,1.5,2.8,10.3,21.9,34.2,38.6,TTADDA_NARO_2023_F1
2023-02-20,-3.15,0.59,-10.27,77.1,6.0,10.46,-0.1,0.1,1.5,2.7,10.4,21.9,34.2,38.6,TTADDA_NARO_2023_F1
2023-02-21,-11.83,-3.64,-24.48,67.3,0.0,16.3,-0.1,0.1,1.5,2.7,10.5,22.0,34.2,38.6,TTADDA_NARO_2023_F1
2023-02-22,-14.38,-0.42,-26.67,68.5,0.0,15.9,-0.1,0.1,1.5,2.7,10.7,22.1,34.3,38.6,TTADDA_NARO_2023_F1
2023-02-23,-8.02,2.11,-20.17,76.3,0.0,12.6,-0.1,0.1,1.5,2.7,10.8,22.2,34.4,38.6,TTADDA_NARO_2023_F1
2023-02-24,-7.88,0.92,-18.6,80.0,0.0,15.6,-0.1,0.1,1.5,2.7,10.8,22.3,34.5,38.7,TTADDA_NARO_2023_F1
2023-02-25,-3.61,0.88,-11.05,78.7,1.5,11.01,-0.1,0.2,1.5,2.7,10.8,22.4,34.6,38.7,TTADDA_NARO_2023_F1
2023-02-26,-8.91,-1.55,-21.96,71.2,0.0,14.65,-0.1,0.2,1.5,2.7,10.9,22.4,34.7,38.7,TTADDA_NARO_2023_F1
2023-02-27,-5.08,2.72,-10.63,52.0,0.0,16.72,-0.1,0.2,1.5,2.6,11.0,22.5,34.8,38.8,TTADDA_NARO_2023_F1
2023-02-28,1.42,10.29,-12.64,57.5,0.0,16.79,-0.1,0.2,1.5,2.6,11.0,22.6,34.9,38.8,TTADDA_NARO_2023_F1
2023-03-01,4.37,8.23,-0.77,60.2,0.5,16.1,0.0,0.2,1.5,2.6,11.3,22.8,35.0,38.8,TTADDA_NARO_2023_F1
2023-03-02,-0.82,3.82,-4.5,81.9,3.0,14.52,0.0,0.2,1.4,2.6,13.0,23.0,35.1,38.9,TTADDA_NARO_2023_F1
2023-03-03,-4.37,2.42,-12.62,67.6,0.0,13.51,0.0,0.2,1.4,2.6,14.0,23.2,35.3,38.9,TTADDA_NARO_2023_F1
2023-03-04,-7.46,0.04,-15.21,82.8,0.0,13.68,0.0,0.2,1.4,2.6,14.5,23.5,35.5,38.9,TTADDA_NARO_2023_F1
2023-03-05,-7.02,4.2,-18.69,71.2,0.0,18.16,0.0,0.2,1.4,2.6,14.6,23.8,35.8,39.0,TTADDA_NARO_2023_F1
2023-03-06,-2.08,7.84,-12.31,68.0,0.0,18.15,0.0,0.2,1.4,2.5,14.6,24.0,36.1,39.1,TTADDA_NARO_2023_F1
2023-03-07,0.13,8.93,-5.46,80.7,0.0,11.88,0.0,0.2,1.4,2.5,14.6,24.2,36.4,39.2,TTADDA_NARO_2023_F1
2023-03-08,-0.02,6.93,-9.04,80.7,0.0,14.6,0.0,0.2,1.4,2.5,14.6,24.3,36.6,39.2,TTADDA_NARO_2023_F1
2023-03-09,0.01,3.69,-1.93,73.5,0.0,13.91,0.0,0.2,1.4,2.5,14.7,24.5,36.9,39.3,TTADDA_NARO_2023_F1
2023-03-10,-0.17,4.33,-2.34,91.5,5.5,9.26,0.0,0.2,1.4,2.5,15.0,24.9,37.1,39.4,TTADDA_NARO_2023_F1
2023-03-11,1.05,7.09,-5.65,78.6,0.0,18.57,0.0,0.2,1.4,2.5,15.9,26.5,37.6,39.5,TTADDA_NARO_2023_F1
2023-03-12,-1.15,4.99,-7.81,86.2,0.0,15.99,0.0,0.2,1.4,2.5,16.6,28.7,39.3,39.7,TTADDA_NARO_2023_F1
2023-03-13,1.88,5.53,0.21,99.7,6.0,3.08,0.0,0.2,1.3,2.4,17.4,34.5,43.8,41.1,TTADDA_NARO_2023_F1
2023-03-14,0.4,4.16,-7.95,59.5,0.0,17.11,0.0,0.2,1.2,2.3,18.2,38.3,47.9,51.4,TTADDA_NARO_2023_F1
2023-03-15,-1.92,3.99,-8.83,73.0,0.0,17.95,0.0,0.2,1.1,2.1,18.8,37.4,47.9,51.7,TTADDA_NARO_2023_F1
2023-03-16,-1.19,3.83,-8.12,83.7,0.0,11.15,0.0,0.2,1.1,2.0,19.4,36.9,47.7,51.7,TTADDA_NARO_2023_F1
2023-03-17,-2.87,-0.42,-5.65,83.6,0.0,0.0,0.0,0.2,1.0,1.9,20.4,37.3,47.9,52.0,TTADDA_NARO_2023_F1
2023-03-18,0.04,7.31,-8.37,69.1,0.0,19.8,0.0,0.2,1.0,1.8,20.9,37.8,48.0,52.1,TTADDA_NARO_2023_F1
2023-03-19,2.14,8.44,-6.28,58.6,0.0,20.76,0.0,0.2,0.9,1.7,22.0,38.5,48.3,52.3,TTADDA_NARO_2023_F1
2023-03-20,3.86,14.11,-5.27,58.8,0.0,20.87,0.0,0.1,0.8,1.6,23.5,39.5,48.8,52.8,TTADDA_NARO_2023_F1
2023-03-21,3.31,13.71,-5.46,64.9,0.0,20.45,0.0,0.1,0.7,1.4,24.7,39.7,48.9,52.9,TTADDA_NARO_2023_F1
2023-03-22,4.3,13.97,-2.57,69.3,0.0,19.32,0.0,0.1,0.6,1.2,25.7,40.0,49.1,53.0,TTADDA_NARO_2023_F1
2023-03-23,2.72,6.86,-1.26,96.4,0.0,10.47,0.0,0.1,0.5,1.1,26.5,39.7,49.0,53.0,TTADDA_NARO_2023_F1
2023-03-24,5.92,12.13,-0.29,70.2,0.0,19.37,0.0,0.3,0.5,0.7,29.0,44.8,50.7,54.1,TTADDA_NARO_2023_F1
2023-03-25,0.99,5.86,-3.6,76.9,0.0,18.17,0.0,0.2,0.5,0.5,27.5,37.2,48.4,52.4,TTADDA_NARO_2023_F1
2023-03-26,0.55,3.81,-2.09,92.3,19.0,5.66,0.0,0.1,0.4,0.5,28.3,36.9,47.9,51.8,TTADDA_NARO_2023_F1
2023-03-27,2.58,5.94,-4.77,64.2,14.0,20.04,0.0,0.1,0.4,0.5,30.4,38.9,48.5,52.3,TTADDA_NARO_2023_F1
2023-03-28,-1.35,8.4,-14.48,64.5,0.0,22.7,0.0,0.1,0.4,0.5,30.2,38.0,48.4,52.2,TTADDA_NARO_2023_F1
2023-03-29,0.0,8.07,-9.8,70.8,0.0,21.57,0.0,0.1,0.3,0.6,30.4,38.1,48.4,52.2,TTADDA_NARO_2023_F1
2023-03-30,4.03,13.13,-4.27,73.1,0.0,22.0,0.0,0.3,0.4,0.6,29.8,37.1,48.2,52.0,TTADDA_NARO_2023_F1
2023-03-31,4.34,10.67,-0.31,78.0,0.0,11.69,1.1,0.9,0.5,0.6,27.8,35.6,47.7,51.6,TTADDA_NARO_2023_F1
2023-04-01,5.16,10.13,-0.59,64.1,0.0,22.79,2.7,1.9,0.9,0.8,26.2,33.9,47.0,51.1,TTADDA_NARO_2023_F1
2023-04-02,3.14,12.25,-4.19,71.9,0.0,21.69,4.4,3.2,1.3,1.0,25.0,32.6,46.5,50.5,TTADDA_NARO_2023_F1
2023-04-03,3.6,15.66,-6.64,65.3,0.0,23.65,5.1,4.0,1.9,1.2,24.3,31.9,46.1,50.1,TTADDA_NARO_2023_F1
2023-04-04,12.3,17.3,4.12,52.9,0.0,12.63,6.9,4.7,2.4,1.6,23.9,31.5,45.7,49.5,TTADDA_NARO_2023_F1
2023-04-05,10.03,17.85,2.2,60.8,0.0,11.66,6.4,5.3,2.9,1.9,23.7,31.2,45.5,49.3,TTADDA_NARO_2023_F1
2023-04-06,8.56,15.83,3.16,80.9,0.0,12.35,7.1,5.8,3.3,2.2,23.6,31.0,45.3,49.0,TTADDA_NARO_2023_F1
2023-04-07,10.94,13.67,7.81,94.9,7.0,4.72,8.6,7.0,3.9,2.6,24.6,31.9,45.2,48.8,TTADDA_NARO_2023_F1
2023-04-08,8.42,12.47,4.69,84.1,1.5,11.43,9.1,7.9,4.6,3.0,25.6,33.2,45.9,49.5,TTADDA_NARO_2023_F1
2023-04-09,4.67,10.65,0.17,73.4,9.5,19.16,7.5,7.1,5.1,3.5,27.3,35.4,46.6,50.4,TTADDA_NARO_2023_F1
2023-04-10,7.75,17.12,-3.81,58.0,0.0,21.66,7.6,6.7,5.2,3.8,25.5,33.4,46.4,50.6,TTADDA_NARO_2023_F1
2023-04-11,11.18,19.41,1.42,62.9,0.0,16.73,8.7,7.6,5.4,4.1,24.7,32.4,45.9,50.1,TTADDA_NARO_2023_F1
2023-04-12,10.14,16.22,1.72,57.9,4.5,15.58,9.3,8.5,5.8,4.3,25.0,32.6,45.8,49.7,TTADDA_NARO_2023_F1
2023-04-13,6.48,12.68,-0.42,50.2,0.0,20.01,7.4,7.2,6.0,4.7,24.4,31.9,45.6,49.6,TTADDA_NARO_2023_F1
2023-04-14,9.03,17.41,-0.42,60.8,0.0,18.55,8.7,7.8,6.0,4.9,23.8,31.3,45.3,49.3,TTADDA_NARO_2023_F1
2023-04-15,5.76,12.55,-2.2,72.5,3.5,16.48,8.1,7.6,6.2,5.0,23.5,30.8,45.0,48.9,TTADDA_NARO_2023_F1
2023-04-16,4.37,7.68,1.76,92.2,26.5,3.65,6.6,6.9,6.3,5.2,29.5,38.2,47.0,50.4,TTADDA_NARO_2023_F1
2023-04-17,4.04,6.56,2.43,65.0,0.0,12.87,5.8,6.2,6.1,5.4,26.5,34.6,46.9,51.2,TTADDA_NARO_2023_F1
2023-04-18,8.31,15.44,2.22,52.3,0.0,25.68,7.8,6.6,5.8,5.4,24.7,32.5,46.1,50.3,TTADDA_NARO_2023_F1
2023-04-19,7.08,12.52,2.53,72.8,0.5,12.44,8.7,8.0,6.2,5.4,24.1,31.7,45.6,49.7,TTADDA_NARO_2023_F1
2023-04-20,10.55,15.96,2.13,59.2,0.0,13.67,9.3,8.3,6.5,5.5,23.7,31.2,45.2,49.2,TTADDA_NARO_2023_F1
2023-04-21,10.02,14.82,5.13,41.1,0.0,23.23,9.9,9.1,6.9,5.7,23.2,30.6,44.9,48.8,TTADDA_NARO_2023_F1
2023-04-22,6.33,10.5,2.01,52.1,0.0,12.73,7.3,7.6,7.0,6.0,23.0,30.2,44.6,48.4,TTADDA_NARO_2023_F1
2023-04-23,5.23,11.43,-0.98,60.2,0.0,19.81,7.5,7.2,6.7,6.1,22.7,30.0,44.4,47.9,TTADDA_NARO_2023_F1
2023-04-24,5.87,11.49,-1.49,56.3,0.0,16.64,7.0,7.0,6.6,6.0,22.6,29.8,44.2,47.6,TTADDA_NARO_2023_F1
2023-04-25,9.49,16.99,-1.86,38.1,0.0,25.82,8.2,7.4,6.5,6.0,22.3,29.5,43.9,47.2,TTADDA_NARO_2023_F1
2023-04-26,8.26,10.76,4.17,86.8,18.5,4.26,8.3,7.9,6.8,6.1,26.3,34.1,44.9,47.5,TTADDA_NARO_2023_F1
2023-04-27,10.17,13.9,6.28,44.5,0.0,27.67,9.5,8.8,7.0,6.2,25.6,33.9,46.2,49.8,TTADDA_NARO_2023_F1
2023-04-28,13.57,19.96,7.47,42.4,0.0,23.55,10.7,9.4,7.3,6.4,23.6,31.6,45.6,49.5,TTADDA_NARO_2023_F1
2023-04-29,9.74,17.87,0.82,71.4,0.0,20.53,11.7,10.4,7.8,6.6,22.9,30.5,45.0,48.9,TTADDA_NARO_2023_F1
2023-04-30,11.6,18.91,7.89,75.5,2.0,12.99,12.4,11.3,8.4,6.8,23.2,30.6,44.7,48.4,TTADDA_NARO_2023_F1
2023-05-01,13.86,18.64,7.87,46.3,0.0,21.11,12.5,11.4,8.8,7.1,22.4,30.0,44.5,48.2,TTADDA_NARO_2023_F1
2023-05-02,11.23,18.36,2.93,54.7,0.0,27.75,13.6,12.1,9.1,7.4,21.7,29.3,44.0,47.7,TTADDA_NARO_2023_F1
2023-05-03,13.03,23.23,0.29,54.3,0.0,23.24,12.9,11.9,9.5,7.7,21.2,28.7,43.6,47.2,TTADDA_NARO_2023_F1
2023-05-04,15.7,25.57,5.08,52.7,0.0,14.88,13.4,12.4,9.7,8.0,20.9,28.4,43.2,46.7,TTADDA_NARO_2023_F1
2023-05-05,17.35,24.01,7.53,50.5,1.0,22.15,15.1,13.4,10.1,8.2,20.6,28.0,42.8,46.2,TTADDA_NARO_2023_F1
2023-05-06,8.01,12.14,5.02,92.7,5.0,3.08,12.1,12.5,10.6,8.5,23.0,29.8,42.9,46.0,TTADDA_NARO_2023_F1
2023-05-07,8.15,15.31,4.42,70.7,0.0,20.37,12.7,11.8,10.2,8.8,22.4,29.8,43.3,46.4,TTADDA_NARO_2023_F1
2023-05-08,5.32,7.93,0.23,81.5,0.0,6.42,9.9,10.7,10.2,8.8,21.7,28.9,43.1,46.3,TTADDA_NARO_2023_F1
2023-05-09,10.14,20.61,-1.0,60.1,0.0,24.62,11.2,10.4,9.7,8.8,21.3,28.6,42.9,46.0,TTADDA_NARO_2023_F1
2023-05-10,9.07,15.92,0.19,65.7,0.0,15.15,11.3,11.1,9.8,8.8,20.9,28.2,42.6,45.7,TTADDA_NARO_2023_F1
2023-05-11,6.99,13.9,-2.26,58.4,0.0,28.71,10.8,10.5,9.7,8.8,20.6,27.9,42.3,45.4,TTADDA_NARO_2023_F1
2023-05-12,6.46,14.95,-2.64,73.7,0.0,20.57,11.3,10.8,9.6,8.8,20.4,27.5,42.0,45.1,TTADDA_NARO_2023_F1
2023-05-13,10.35,20.91,-1.99,59.0,0.0,27.82,12.6,11.6,9.7,8.8,20.0,27.2,41.6,44.7,TTADDA_NARO_2023_F1
2023-05-14,12.06,20.77,0.19,76.0,0.0,25.77,14.3,12.8,10.1,8.9,19.6,26.8,41.3,44.4,TTADDA_NARO_2023_F1
2023-05-15,13.67,19.57,7.45,83.3,0.0,15.5,14.7,13.7,10.7,9.1,19.5,26.5,40.9,44.1,TTADDA_NARO_2023_F1
2023-05-16,12.36,15.32,10.72,88.5,0.5,6.87,13.8,13.2,11.1,9.4,19.7,26.6,40.6,43.8,TTADDA_NARO_2023_F1
2023-05-17,12.45,20.11,7.16,81.8,0.0,20.86,15.2,13.8,11.1,9.6,19.5,26.4,40.5,43.6,TTADDA_NARO_2023_F1
2023-05-18,17.11,28.79,5.59,68.6,0.0,23.54,16.7,14.9,11.5,9.7,19.1,26.0,40.2,43.4,TTADDA_NARO_2023_F1
2023-05-19,15.13,18.74,9.79,74.1,0.0,10.67,16.1,15.3,12.2,10.0,18.8,25.7,39.7,43.1,TTADDA_NARO_2023_F1
2023-05-20,13.27,20.8,7.95,73.2,0.0,22.61,16.5,15.2,12.3,10.3,18.6,25.5,39.4,42.9,TTADDA_NARO_2023_F1
2023-05-21,8.63,9.55,7.81,93.0,9.5,3.11,12.5,13.3,12.5,10.5,21.6,28.5,39.5,42.7,TTADDA_NARO_2023_F1
2023-05-22,12.26,20.55,7.64,77.5,0.0,20.08,14.7,13.6,12.0,10.6,22.5,29.8,41.3,43.2,TTADDA_NARO_2023_F1
2023-05-23,9.16,13.22,7.04,77.6,0.0,12.17,13.0,13.0,12.0,10.6,20.9,28.0,41.0,43.6,TTADDA_NARO_2023_F1
2023-05-24,12.12,20.8,5.36,68.3,0.0,26.05,15.7,14.3,11.9,10.6,20.0,27.2,40.7,43.5,TTADDA_NARO_2023_F1
2023-05-25,17.21,27.58,1.84,51.3,0.0,29.59,16.9,15.4,12.3,10.7,19.2,26.3,40.2,43.2,TTADDA_NARO_2023_F1
2023-05-26,9.79,17.23,5.0,77.9,0.0,4.44,12.7,14.5,12.9,10.8,18.8,25.7,39.8,43.0,TTADDA_NARO_2023_F1
2023-05-27,17.93,25.46,12.59,70.8,0.0,22.1,19.8,17.9,13.6,11.2,18.1,25.0,39.0,42.6,TTADDA_NARO_2023_F1
2023-05-28,18.06,25.67,12.6,72.8,0.5,16.12,19.4,18.0,14.2,11.6,17.9,24.5,38.5,42.3,TTADDA_NARO_2023_F1
2023-05-29,17.46,24.82,10.57,73.9,11.5,22.43,19.7,18.4,14.6,12.0,19.1,25.6,38.1,42.1,TTADDA_NARO_2023_F1
2023-05-30,13.44,19.94,8.73,67.2,2.5,27.63,18.3,17.7,15.0,12.3,24.1,31.5,41.3,42.5,TTADDA_NARO_2023_F1
2023-05-31,13.93,20.42,4.86,55.6,0.0,26.95,17.4,16.9,14.9,12.6,20.8,27.9,41.1,43.3,TTADDA_NARO_2023_F1
2023-06-01,15.6,26.28,2.74,54.2,0.0,29.96,18.4,17.3,14.8,12.7,19.3,26.4,40.4,43.2,TTADDA_NARO_2023_F1
2023-06-02,16.58,24.93,8.39,72.5,11.5,20.16,19.2,18.1,15.1,12.8,19.5,26.4,39.6,42.8,TTADDA_NARO_2023_F1
2023-06-03,13.36,19.75,7.39,87.2,23.5,11.52,16.7,17.0,15.4,13.1,28.0,36.8,44.6,45.4,TTADDA_NARO_2023_F1
2023-06-04,10.1,13.04,4.33,87.3,3.5,8.55,13.7,14.5,14.9,13.3,26.5,34.3,45.6,49.2,TTADDA_NARO_2023_F1
2023-06-05,13.73,19.48,4.71,66.1,0.0,23.32,15.3,14.8,14.1,13.1,24.6,32.3,45.2,49.1,TTADDA_NARO_2023_F1
2023-06-06,16.59,24.94,6.07,74.7,0.0,22.91,17.5,16.2,14.2,13.0,22.8,30.4,44.4,48.4,TTADDA_NARO_2023_F1
2023-06-07,17.38,23.54,12.81,82.4,1.0,15.35,18.8,17.6,14.7,13.0,22.1,29.4,43.7,47.6,TTADDA_NARO_2023_F1
2023-06-08,18.78,25.85,13.48,78.2,0.0,28.19,21.4,19.3,15.2,13.2,21.4,28.8,43.2,47.0,TTADDA_NARO_2023_F1
2023-06-09,14.62,18.03,12.86,93.4,4.0,5.95,18.1,18.2,15.9,13.5,21.3,28.3,42.5,46.3,TTADDA_NARO_2023_F1
2023-06-10,14.06,17.16,12.46,92.0,7.5,9.74,17.0,16.8,15.6,13.7,25.6,33.2,43.7,46.8,TTADDA_NARO_2023_F1
2023-06-11,15.12,20.98,11.93,90.2,0.0,20.14,18.8,17.6,15.4,13.8,23.2,30.7,43.8,47.4,TTADDA_NARO_2023_F1
2023-06-12,16.24,21.21,13.29,89.6,0.0,17.02,19.6,18.4,15.6,13.8,22.0,29.3,43.3,46.9,TTADDA_NARO_2023_F1
2023-06-13,15.7,18.65,14.11,91.5,0.0,7.07,18.4,18.0,15.9,13.9,21.5,28.7,42.7,46.4,TTADDA_NARO_2023_F1
2023-06-14,17.73,23.13,14.26,83.9,0.0,7.72,22.7,20.3,15.8,14.1,20.3,28.1,42.2,45.8,TTADDA_NARO_2023_F1
2023-06-15,16.33,19.77,13.73,89.9,0.0,9.2,19.2,18.6,16.2,14.2,20.3,27.3,41.8,45.4,TTADDA_NARO_2023_F1
2023-06-16,18.2,25.07,13.92,86.0,0.0,18.27,20.8,19.2,16.2,14.3,19.9,26.9,41.3,44.9,TTADDA_NARO_2023_F1
2023-06-17,21.53,28.77,12.75,69.0,0.0,21.39,21.6,20.2,16.6,14.5,19.0,26.0,40.6,44.3,TTADDA_NARO_2023_F1
2023-06-18,18.87,22.76,11.05,56.8,0.0,29.93,21.6,20.4,17.0,14.7,18.1,25.1,39.8,43.8,TTADDA_NARO_2023_F1
2023-06-19,14.99,19.84,9.8,67.1,0.0,19.6,19.4,19.2,17.2,14.9,17.6,24.4,38.9,43.1,TTADDA_NARO_2023_F1
2023-06-20,17.73,26.01,7.76,61.3,0.0,30.47,21.2,19.9,17.0,15.0,17.1,23.8,38.1,42.5,TTADDA_NARO_2023_F1
2023-06-21,17.48,26.18,7.03,71.6,0.0,24.36,20.8,19.9,17.3,15.1,16.4,23.0,37.1,42.0,TTADDA_NARO_2023_F1
2023-06-22,18.02,26.22,9.63,76.6,0.0,22.11,21.4,20.3,17.4,15.2,15.9,22.4,36.2,41.5,TTADDA_NARO_2023_F1
2023-06-23,18.53,23.69,15.43,72.6,0.0,19.62,22.0,20.8,17.6,15.3,15.5,21.9,35.3,41.1,TTADDA_NARO_2023_F1
2023-06-24,18.18,23.14,12.87,72.9,0.0,14.55,20.9,20.2,17.8,15.4,15.3,21.5,34.6,40.7,TTADDA_NARO_2023_F1
2023-06-25,19.88,28.84,10.13,68.4,0.0,26.2,22.0,20.6,17.7,15.5,14.8,21.1,33.9,40.4,TTADDA_NARO_2023_F1
2023-06-26,21.15,30.46,11.41,69.8,0.0,28.71,23.4,21.7,18.0,15.6,14.0,20.4,33.2,40.0,TTADDA_NARO_2023_F1
2023-06-27,20.98,30.28,11.2,75.6,0.0,26.78,23.7,22.2,18.4,15.8,13.2,19.8,32.4,39.7,TTADDA_NARO_2023_F1
2023-06-28,21.71,26.76,18.3,86.2,2.0,13.17,23.3,22.3,18.8,16.0,13.2,19.6,31.7,39.4,TTADDA_NARO_2023_F1
2023-06-29,21.48,26.47,17.31,91.5,24.5,11.14,22.6,21.8,18.9,16.2,17.9,24.8,32.6,39.1,TTADDA_NARO_2023_F1
2023-06-30,20.87,27.3,16.85,91.8,12.0,13.8,23.3,22.3,19.1,16.4,21.9,28.1,37.6,39.2,TTADDA_NARO_2023_F1
2023-07-01,20.28,27.88,14.98,72.7,0.0,10.24,25.4,23.8,19.3,16.7,22.5,31.9,41.6,41.5,TTADDA_NARO_2023_F1
2023-07-02,17.53,23.42,13.69,79.7,0.0,21.11,22.3,21.7,19.4,16.9,21.0,27.9,41.0,42.9,TTADDA_NARO_2023_F1
2023-07-03,18.62,25.72,14.28,84.8,14.5,20.6,22.4,21.6,19.2,17.0,20.4,27.6,40.2,42.9,TTADDA_NARO_2023_F1
2023-07-04,18.93,25.42,14.76,84.6,0.0,22.56,22.8,21.8,19.3,17.1,23.7,31.1,42.1,43.8,TTADDA_NARO_2023_F1
2023-07-05,15.47,15.97,15.11,95.2,0.0,26.28,21.5,22.4,19.5,17.2,20.1,28.6,41.1,44.3,TTADDA_NARO_2023_F1
2023-07-06,19.58,19.94,19.08,87.1,0.0,10.05,20.9,21.4,19.3,17.3,20.1,27.8,39.0,41.8,TTADDA_NARO_2023_F1
2023-07-07,20.0,20.58,19.47,96.0,0.0,23.05,22.6,22.9,19.5,17.3,20.8,27.1,40.4,43.6,TTADDA_NARO_2023_F1
2023-07-08,17.68,17.94,17.44,96.1,0.0,23.01,22.9,23.9,20.0,17.4,19.7,26.3,38.7,42.1,TTADDA_NARO_2023_F1
2023-07-09,19.95,20.0,19.89,91.0,0.0,25.91,24.0,24.6,20.5,17.7,19.3,25.4,38.6,42.4,TTADDA_NARO_2023_F1
2023-07-10,22.1,23.57,20.87,87.0,0.0,17.29,24.8,25.0,20.8,17.9,19.0,24.7,38.2,42.2,TTADDA_NARO_2023_F1
2023-07-11,18.94,19.08,18.8,98.3,0.0,17.79,22.9,24.0,21.0,18.2,18.2,24.2,36.3,40.5,TTADDA_NARO_2023_F1
2023-07-12,20.52,23.77,19.41,96.2,17.5,9.8,23.7,23.6,20.9,18.3,28.1,28.3,40.3,41.7,TTADDA_NARO_2023_F1
2023-07-13,20.49,21.84,18.29,80.7,0.0,20.63,23.7,24.5,20.9,18.5,24.0,31.3,42.1,44.8,TTADDA_NARO_2023_F1
2023-07-14,18.28,18.36,18.15,93.5,0.0,20.19,21.9,22.9,21.0,18.6,22.5,28.3,41.2,44.4,TTADDA_NARO_2023_F1
2023-07-15,17.51,17.78,17.38,98.5,7.5,3.51,20.0,20.8,20.5,18.7,30.9,32.8,45.2,46.6,TTADDA_NARO_2023_F1
2023-07-16,17.79,17.9,17.71,97.1,0.0,10.86,21.5,22.2,20.2,18.6,26.1,33.7,44.3,49.0,TTADDA_NARO_2023_F1
2023-07-17,18.47,18.53,18.43,98.1,0.5,13.33,21.6,22.3,20.3,18.5,27.1,31.0,43.8,48.5,TTADDA_NARO_2023_F1
2023-07-18,17.15,17.23,17.08,98.8,0.5,13.01,21.4,22.2,20.5,18.6,25.9,32.2,43.8,48.5,TTADDA_NARO_2023_F1
2023-07-19,18.05,18.59,17.65,96.8,0.0,8.89,21.0,21.6,20.2,18.6,25.9,30.9,43.6,48.3,TTADDA_NARO_2023_F1
2023-07-20,16.87,16.91,16.83,95.0,0.0,20.37,21.1,22.4,20.3,18.5,6.2,29.9,10.8,12.0,TTADDA_NARO_2023_F1
2023-07-21,17.5,17.54,17.44,92.1,0.0,12.34,20.9,21.8,20.2,18.5,24.2,29.1,42.1,46.5,TTADDA_NARO_2023_F1
2023-07-22,18.58,18.61,18.55,93.4,0.0,23.53,22.3,23.3,20.5,18.5,22.8,28.2,41.1,45.3,TTADDA_NARO_2023_F1
2023-07-23,20.05,20.12,20.04,96.5,0.0,17.48,23.0,23.8,20.8,18.7,21.4,27.4,39.1,43.1,TTADDA_NARO_2023_F1
2023-07-24,27.63,32.07,22.44,75.6,0.0,11.83,28.2,25.6,20.9,18.8,23.7,26.7,40.9,45.1,TTADDA_NARO_2023_F1
2023-07-25,26.91,34.42,22.09,77.2,0.0,18.29,27.2,25.6,21.4,18.9,24.3,26.0,40.4,44.6,TTADDA_NARO_2023_F1
2023-07-26,27.72,34.0,20.93,69.2,0.0,24.97,28.1,26.3,22.0,19.2,23.3,25.0,39.4,43.8,TTADDA_NARO_2023_F1
2023-07-27,26.69,32.88,19.28,73.5,0.0,19.39,27.1,26.0,22.5,19.6,22.5,24.1,38.3,43.1,TTADDA_NARO_2023_F1
2023-07-28,27.38,34.58,19.41,68.8,0.0,25.01,27.6,26.2,22.6,19.8,21.6,23.3,37.2,42.4,TTADDA_NARO_2023_F1
2023-07-29,27.43,34.27,19.45,70.1,0.0,25.05,28.4,26.8,22.9,20.0,20.5,22.2,35.9,41.8,TTADDA_NARO_2023_F1
2023-07-30,27.2,33.22,22.05,71.2,0.0,13.42,27.3,26.4,23.2,20.3,20.0,21.5,34.6,41.2,TTADDA_NARO_2023_F1
2023-07-31,23.9,30.4,18.63,84.8,3.0,6.88,25.3,25.2,23.1,20.4,21.0,21.6,34.0,40.7,TTADDA_NARO_2023_F1
2023-08-01,23.43,29.75,16.35,79.4,0.0,24.8,25.8,24.8,22.7,20.5,21.0,21.7,33.9,40.3,TTADDA_NARO_2023_F1
2023-08-02,25.99,34.01,17.02,69.9,0.0,26.43,26.9,25.6,22.7,20.4,19.4,20.8,33.1,40.0,TTADDA_NARO_2023_F1
2023-08-03,24.89,29.77,18.74,81.7,0.0,8.82,25.3,25.0,22.9,20.5,18.9,20.3,32.2,39.7,TTADDA_NARO_2023_F1
2023-08-04,27.27,33.93,22.28,75.2,0.0,14.46,26.4,25.4,22.7,20.5,18.6,19.9,31.6,39.3,TTADDA_NARO_2023_F1
2023-08-05,19.49,23.93,16.98,92.7,1.5,6.14,24.0,24.3,22.8,20.5,18.7,19.8,31.2,39.0,TTADDA_NARO_2023_F1
2023-08-06,18.65,21.76,16.45,91.7,37.0,7.42,22.3,22.5,22.2,20.5,21.8,21.9,31.2,38.7,TTADDA_NARO_2023_F1
2023-08-07,18.32,20.62,16.49,91.9,8.5,6.92,21.3,21.4,21.5,20.3,35.4,36.2,44.5,44.5,TTADDA_NARO_2023_F1
2023-08-08,18.1,20.74,15.87,92.3,15.5,6.2,20.9,21.0,20.9,20.1,34.3,35.2,44.9,48.0,TTADDA_NARO_2023_F1
2023-08-09,23.84,30.35,18.74,87.9,0.0,22.22,24.8,23.0,20.7,19.8,31.8,32.6,44.8,49.0,TTADDA_NARO_2023_F1
2023-08-10,25.18,31.52,19.47,88.9,0.0,12.72,25.9,24.6,21.5,19.8,29.9,30.7,43.9,48.2,TTADDA_NARO_2023_F1
2023-08-11,24.85,31.68,18.51,83.7,0.0,23.42,26.3,24.9,21.9,20.0,28.4,29.3,43.2,47.4,TTADDA_NARO_2023_F1
2023-08-12,20.85,26.12,18.15,87.7,1.5,17.01,25.4,24.8,22.3,20.1,27.7,28.6,42.4,46.5,TTADDA_NARO_2023_F1
2023-08-13,19.89,23.06,17.21,87.2,0.5,10.36,23.7,23.5,22.2,20.3,27.4,28.3,41.9,45.7,TTADDA_NARO_2023_F1
2023-08-14,17.54,21.44,15.76,93.0,5.5,10.3,22.4,22.5,21.8,20.3,30.2,30.1,41.9,45.4,TTADDA_NARO_2023_F1
2023-08-15,19.18,23.29,15.82,88.5,2.0,13.17,22.3,22.0,21.3,20.2,29.1,29.5,42.1,45.6,TTADDA_NARO_2023_F1
2023-08-16,20.48,22.13,18.8,97.9,18.0,4.38,22.1,21.9,21.1,20.0,32.7,33.9,43.2,46.2,TTADDA_NARO_2023_F1
2023-08-17,24.92,31.18,21.13,85.0,2.5,12.63,24.3,23.1,21.1,19.9,32.5,34.0,44.7,48.8,TTADDA_NARO_2023_F1
2023-08-18,25.8,31.46,20.22,75.9,0.0,14.83,25.3,24.1,21.5,19.9,30.7,31.7,44.2,48.8,TTADDA_NARO_2023_F1
2023-08-19,23.89,28.78,20.33,84.2,0.0,14.69,25.7,24.6,21.9,20.1,29.5,30.4,43.6,48.2,TTADDA_NARO_2023_F1
2023-08-20,23.63,28.6,21.27,93.7,22.0,11.09,25.3,24.5,22.2,20.3,33.9,35.8,44.9,49.2,TTADDA_NARO_2023_F1
2023-08-21,24.83,30.54,21.67,90.6,0.5,16.84,26.6,25.3,22.4,20.5,31.9,33.0,44.8,49.9,TTADDA_NARO_2023_F1
2023-08-22,24.27,26.34,22.11,93.2,0.5,7.91,25.9,25.1,22.8,20.7,30.8,31.6,44.2,49.1,TTADDA_NARO_2023_F1
2023-08-23,27.3,34.23,22.09,86.0,0.0,22.43,28.0,26.2,22.9,20.8,29.6,30.4,43.6,48.5,TTADDA_NARO_2023_F1
2023-08-24,27.31,34.38,23.09,87.3,0.0,18.99,28.7,27.1,23.4,21.0,28.1,29.0,43.0,47.7,TTADDA_NARO_2023_F1
2023-08-25,28.08,35.43,22.45,82.1,0.0,21.98,28.7,27.3,23.8,21.3,26.6,27.7,42.2,46.8,TTADDA_NARO_2023_F1
2023-08-26,27.12,34.56,23.68,84.7,0.0,17.65,28.6,27.4,24.1,21.5,25.6,26.8,41.4,45.8,TTADDA_NARO_2023_F1
2023-08-27,26.16,33.71,22.26,82.3,0.0,18.05,27.9,27.0,24.3,21.7,24.8,26.0,40.5,45.0,TTADDA_NARO_2023_F1
2023-08-28,24.42,29.48,21.61,82.9,1.5,12.2,26.3,26.0,24.2,21.9,24.5,25.6,39.7,44.2,TTADDA_NARO_2023_F1
2023-08-29,20.73,24.16,17.71,82.5,3.5,9.2,24.4,24.6,23.8,21.9,25.5,25.9,39.3,43.6,TTADDA_NARO_2023_F1
2023-08-30,18.83,21.02,17.21,94.5,2.5,5.28,22.7,23.0,23.2,21.8,28.5,28.4,39.9,43.5,TTADDA_NARO_2023_F1
2023-08-31,20.81,23.98,18.44,94.9,1.0,6.72,23.3,23.0,22.5,21.5,28.0,28.2,40.4,43.9,TTADDA_NARO_2023_F1
2023-09-01,23.39,26.5,20.41,93.3,0.5,5.64,24.4,23.8,22.4,21.3,27.7,28.0,40.5,44.1,TTADDA_NARO_2023_F1
2023-09-02,22.62,27.34,17.81,87.1,1.0,11.56,24.8,24.1,22.5,21.2,27.8,28.1,40.5,44.1,TTADDA_NARO_2023_F1
2023-09-03,21.58,30.26,14.4,77.1,0.0,22.06,24.8,24.0,22.5,21.1,27.6,27.9,40.5,44.1,TTADDA_NARO_2023_F1
2023-09-04,20.63,26.96,13.92,88.5,1.0,12.8,23.7,23.4,22.4,21.1,27.4,27.7,40.4,44.0,TTADDA_NARO_2023_F1
2023-09-05,20.58,22.21,18.38,96.6,21.0,5.1,23.2,23.2,22.3,21.1,32.5,34.1,42.4,44.8,TTADDA_NARO_2023_F1
2023-09-06,22.29,28.0,17.73,88.7,0.0,13.03,23.8,23.1,22.1,21.0,32.2,33.3,43.8,47.5,TTADDA_NARO_2023_F1
2023-09-07,20.68,26.08,15.26,68.3,0.0,20.92,23.9,23.4,22.1,20.9,31.4,31.9,43.6,47.8,TTADDA_NARO_2023_F1
2023-09-08,17.97,24.55,12.01,80.2,0.0,18.83,22.4,22.4,21.9,20.9,30.8,31.2,43.3,47.5,TTADDA_NARO_2023_F1
2023-09-09,18.69,24.06,12.41,91.9,26.0,10.35,21.4,21.6,21.6,20.8,32.3,33.4,43.6,47.4,TTADDA_NARO_2023_F1
2023-09-10,23.64,28.1,21.19,85.7,0.0,0.9,25.6,24.4,21.5,20.7,33.8,37.2,45.4,50.4,TTADDA_NARO_2023_F1
2023-09-11,21.92,24.75,20.04,89.7,0.5,4.83,23.1,23.0,21.8,20.7,32.7,32.9,44.6,49.6,TTADDA_NARO_2023_F1
2023-09-12,22.59,25.87,20.37,92.9,1.5,6.68,23.6,23.0,21.8,20.7,32.1,32.0,44.1,49.0,TTADDA_NARO_2023_F1
2023-09-13,24.0,29.87,21.06,87.4,4.5,13.59,25.1,24.0,21.9,20.8,32.8,32.8,44.2,48.9,TTADDA_NARO_2023_F1
2023-09-14,20.92,23.7,17.75,92.5,27.5,3.81,23.3,23.5,22.3,20.9,33.8,34.4,44.6,49.3,TTADDA_NARO_2023_F1
2023-09-15,19.94,25.67,16.31,83.8,0.0,17.12,22.9,22.7,22.1,21.0,34.6,34.7,45.3,50.3,TTADDA_NARO_2023_F1
2023-09-16,22.54,28.1,18.88,76.0,0.0,5.27,25.2,23.9,21.7,21.0,32.4,32.4,44.2,49.1,TTADDA_NARO_2023_F1
2023-09-17,21.01,26.49,16.12,84.4,0.0,14.29,23.3,22.9,21.8,20.9,31.9,31.4,43.9,48.7,TTADDA_NARO_2023_F1
2023-09-18,25.33,31.51,19.97,73.1,0.0,5.02,26.9,25.3,22.0,20.9,31.9,31.5,43.7,48.3,TTADDA_NARO_2023_F1
2023-09-19,20.2,24.26,17.46,92.2,0.5,5.98,22.6,23.0,22.2,20.9,31.6,31.1,43.5,48.1,TTADDA_NARO_2023_F1
2023-09-20,19.63,26.64,11.7,60.8,0.0,14.05,20.9,21.5,21.7,20.9,31.3,30.8,43.3,47.7,TTADDA_NARO_2023_F1
2023-09-21,12.98,16.11,10.37,85.3,9.5,4.98,17.3,18.8,21.0,20.7,32.2,31.6,43.2,47.3,TTADDA_NARO_2023_F1
2023-09-22,16.26,23.3,9.2,85.7,0.0,17.4,19.8,19.6,20.1,20.4,33.5,33.1,44.1,48.1,TTADDA_NARO_2023_F1
2023-09-23,14.42,24.25,6.69,83.6,0.5,13.11,18.0,18.8,19.9,20.0,32.2,31.7,43.8,48.2,TTADDA_NARO_2023_F1
2023-09-24,14.79,21.73,10.35,82.2,0.0,16.73,18.7,18.9,19.5,19.7,31.7,31.1,43.6,47.8,TTADDA_NARO_2023_F1
2023-09-25,15.8,21.42,10.54,83.7,0.0,14.35,18.6,18.8,19.3,19.5,31.1,30.5,43.3,47.4,TTADDA_NARO_2023_F1
2023-09-26,15.96,19.05,11.69,91.1,0.0,5.71,18.3,18.6,19.2,19.3,30.8,30.2,43.1,47.0,TTADDA_NARO_2023_F1
2023-09-27,17.37,23.99,12.68,88.4,0.0,14.57,19.7,19.3,19.1,19.1,30.5,30.0,42.9,46.7,TTADDA_NARO_2023_F1
2023-09-28,16.11,18.24,13.1,96.3,25.5,1.47,18.1,18.8,19.2,19.0,33.7,33.6,43.4,46.8,TTADDA_NARO_2023_F1
2023-09-29,15.98,24.99,9.39,77.2,0.0,14.96,17.8,18.0,18.7,18.9,35.3,35.3,45.5,50.0,TTADDA_NARO_2023_F1
2023-09-30,14.1,20.84,7.27,84.1,0.0,10.34,16.4,17.0,18.4,18.7,33.5,33.0,44.8,49.5,TTADDA_NARO_2023_F1
2023-10-01,16.67,23.93,11.8,85.4,2.5,13.55,18.9,18.5,18.2,18.5,33.2,32.6,44.5,49.0,TTADDA_NARO_2023_F1
2023-10-02,15.61,21.5,10.38,64.9,0.0,14.32,17.2,17.8,18.3,18.4,32.3,31.7,44.2,48.7,TTADDA_NARO_2023_F1
2023-10-03,14.98,20.05,8.53,65.6,2.5,17.85,16.4,17.0,18.0,18.3,32.5,31.8,44.1,48.3,TTADDA_NARO_2023_F1
2023-10-04,12.9,19.18,6.94,83.8,0.0,13.2,15.9,16.4,17.7,18.1,31.8,31.3,43.9,48.1,TTADDA_NARO_2023_F1
2023-10-05,13.06,15.84,11.46,93.2,22.0,2.98,15.2,16.0,17.4,17.9,35.3,36.4,45.1,49.0,TTADDA_NARO_2023_F1
2023-10-06,12.82,17.82,7.63,72.2,3.5,9.35,14.3,15.1,16.9,17.6,34.7,35.3,45.6,50.2,TTADDA_NARO_2023_F1
2023-10-07,11.92,16.05,4.17,68.4,0.0,12.91,13.8,14.7,16.5,17.3,33.3,33.7,45.2,49.8,TTADDA_NARO_2023_F1
2023-10-08,8.63,16.9,1.01,78.7,0.0,16.52,12.8,13.7,16.0,17.0,32.4,32.5,44.7,49.2,TTADDA_NARO_2023_F1
2023-10-09,8.96,17.96,0.69,84.1,0.0,15.94,12.3,13.2,15.5,16.7,31.7,31.9,44.4,48.6,TTADDA_NARO_2023_F1
2023-10-10,10.68,14.16,5.68,91.4,25.0,3.46,12.3,13.1,15.1,16.4,35.8,37.7,45.9,49.9,TTADDA_NARO_2023_F1
2023-10-11,9.05,16.67,1.91,79.0,0.0,16.09,12.0,12.8,14.7,16.0,33.8,34.8,45.7,50.2,TTADDA_NARO_2023_F1
2023-10-12,9.12,19.17,0.42,81.5,0.0,13.45,11.8,12.5,14.4,15.7,32.5,33.1,45.1,49.5,TTADDA_NARO_2023_F1
2023-10-13,10.85,21.93,1.15,78.4,0.0,15.43,12.3,12.7,14.2,15.5,31.8,32.3,44.7,48.9,TTADDA_NARO_2023_F1
2023-10-14,11.82,22.52,2.56,73.0,0.0,13.88,12.3,12.9,14.2,15.3,31.3,31.7,44.4,48.4,TTADDA_NARO_2023_F1
2023-10-15,11.57,20.39,2.47,82.9,3.5,14.25,13.0,13.1,14.2,15.2,31.0,31.3,44.1,48.0,TTADDA_NARO_2023_F1
2023-10-16,11.79,18.03,3.06,80.3,5.0,10.22,14.1,14.3,14.4,15.1,33.4,33.9,44.5,48.2,TTADDA_NARO_2023_F1
2023-10-17,7.93,12.56,2.79,65.1,0.0,14.08,10.6,12.0,14.3,15.1,32.3,32.8,44.6,48.6,TTADDA_NARO_2023_F1
2023-10-18,11.44,17.66,3.94,70.2,0.0,14.56,11.3,11.8,13.8,14.9,31.5,32.0,44.4,48.3,TTADDA_NARO_2023_F1
2023-10-19,11.24,18.18,4.36,86.8,0.0,8.31,12.0,12.2,13.6,14.7,31.1,31.5,44.1,47.9,TTADDA_NARO_2023_F1
2023-10-20,10.22,11.97,8.43,95.5,15.0,1.56,11.9,12.5,13.7,14.5,33.6,34.4,44.5,47.9,TTADDA_NARO_2023_F1
2023-10-21,7.86,13.24,3.29,67.7,0.0,12.42,10.7,11.6,13.4,14.4,33.9,35.2,45.6,49.7,TTADDA_NARO_2023_F1
2023-10-22,6.15,12.84,0.08,68.9,0.0,9.16,8.5,10.0,13.0,14.3,32.8,33.7,45.3,49.5,TTADDA_NARO_2023_F1
2023-10-23,8.43,14.47,0.84,64.8,0.0,13.8,9.4,10.1,12.4,14.0,32.2,32.9,45.0,49.0,TTADDA_NARO_2023_F1
2023-10-24,5.97,14.8,-1.26,83.0,0.0,13.31,8.8,9.7,12.1,13.7,31.7,32.3,44.7,48.6,TTADDA_NARO_2023_F1
2023-10-25,7.86,17.24,0.11,87.6,0.0,12.27,9.6,10.0,11.9,13.4,31.3,32.0,44.5,48.2,TTADDA_NARO_2023_F1
2023-10-26,9.09,15.22,4.78,94.7,0.0,7.93,11.3,11.2,12.0,13.3,31.1,31.7,44.3,47.9,TTADDA_NARO_2023_F1
2023-10-27,10.23,11.36,9.37,91.0,0.0,2.49,11.6,11.8,12.3,13.2,31.0,31.5,44.1,47.6,TTADDA_NARO_2023_F1
2023-10-28,11.45,15.27,8.8,89.3,1.0,8.11,12.8,12.5,12.5,13.2,30.8,31.3,43.9,47.4,TTADDA_NARO_2023_F1
2023-10-29,10.0,11.38,8.89,92.1,2.0,2.22,12.1,12.4,12.8,13.3,31.4,31.8,43.9,47.3,TTADDA_NARO_2023_F1
2023-10-30,9.51,14.8,4.59,87.9,0.0,9.31,12.1,12.3,12.8,13.4,31.1,31.6,43.9,47.4,TTADDA_NARO_2023_F1
2023-10-31,8.11,18.44,3.08,93.4,0.0,7.37,11.0,11.6,12.8,13.4,30.8,31.3,43.8,47.2,TTADDA_NARO_2023_F1
2023-11-01,7.49,13.32,1.74,94.6,4.5,5.61,10.1,10.7,12.5,13.3,31.2,31.5,43.7,47.0,TTADDA_NARO_2023_F1
2023-11-02,10.82,14.26,6.73,76.5,0.0,11.72,11.3,11.5,12.3,13.2,32.5,32.8,44.2,47.4,TTADDA_NARO_2023_F1
2023-11-03,11.84,19.55,2.93,79.4,0.0,8.04,11.5,11.5,12.3,13.1,31.4,31.9,44.1,47.5,TTADDA_NARO_2023_F1
2023-11-04,10.14,16.57,0.02,65.6,0.0,9.86,11.4,12.1,12.5,13.0,30.9,31.4,43.9,47.4,TTADDA_NARO_2023_F1
2023-11-05,5.02,13.22,-1.95,76.1,0.0,11.13,7.7,9.3,12.1,13.0,30.7,31.1,43.7,47.1,TTADDA_NARO_2023_F1
2023-11-06,5.67,8.96,0.38,90.6,0.5,3.01,7.6,8.6,11.4,12.8,30.6,31.0,43.6,46.8,TTADDA_NARO_2023_F1
2023-11-07,12.1,18.35,8.06,79.6,14.0,3.76,10.6,10.4,11.2,12.5,34.7,36.4,45.0,47.8,TTADDA_NARO_2023_F1
2023-11-08,9.4,12.9,6.41,64.7,0.0,11.43,9.6,10.1,11.4,12.4,33.2,34.5,45.5,49.3,TTADDA_NARO_2023_F1
2023-11-09,6.86,10.4,3.31,90.1,0.0,4.17,9.3,10.0,11.3,12.3,32.6,33.6,45.2,49.1,TTADDA_NARO_2023_F1
2023-11-10,6.93,10.62,1.3,91.9,10.0,3.12,8.5,9.2,11.1,12.2,33.8,35.0,45.3,49.0,TTADDA_NARO_2023_F1
2023-11-11,2.56,6.16,-1.93,59.1,0.0,11.04,6.0,7.9,10.7,12.0,34.2,35.5,46.0,50.0,TTADDA_NARO_2023_F1
2023-11-12,0.1,6.61,-6.45,65.5,0.0,11.2,4.0,5.9,10.0,11.8,32.9,33.9,45.6,49.7,TTADDA_NARO_2023_F1
2023-11-13,0.79,6.76,-4.98,68.3,0.0,10.78,4.1,5.5,9.2,11.4,32.5,33.3,45.4,49.2,TTADDA_NARO_2023_F1
2023-11-14,2.44,6.93,-2.26,70.0,0.0,9.58,4.6,5.7,8.8,11.0,32.3,33.1,45.2,48.9,TTADDA_NARO_2023_F1
2023-11-15,2.69,7.93,-2.85,70.8,0.0,7.43,5.4,6.2,8.6,10.6,32.0,32.7,45.1,48.7,TTADDA_NARO_2023_F1
2023-11-16,1.55,9.08,-5.7,81.7,0.0,10.03,4.5,5.6,8.5,10.4,31.7,32.4,44.9,48.4,TTADDA_NARO_2023_F1
2023-11-17,7.06,11.98,2.68,95.1,60.0,0.58,6.3,6.4,8.2,10.2,36.4,39.5,46.6,49.7,TTADDA_NARO_2023_F1
2023-11-18,8.95,13.79,0.42,61.8,0.0,9.37,8.0,8.1,8.2,9.6,35.6,37.5,47.2,51.5,TTADDA_NARO_2023_F1
2023-11-19,5.8,11.58,-0.25,68.8,0.0,6.37,5.0,6.2,8.4,9.6,33.6,34.5,46.0,50.3,TTADDA_NARO_2023_F1
2023-11-20,4.57,8.21,1.99,68.4,0.0,7.41,4.9,5.8,8.1,9.6,33.0,33.7,45.6,49.7,TTADDA_NARO_2023_F1
2023-11-21,5.29,11.13,-1.78,62.7,0.0,9.43,4.4,5.3,7.8,9.5,32.5,33.1,45.4,49.3,TTADDA_NARO_2023_F1
2023-11-22,6.19,14.98,-1.26,77.5,0.0,8.53,4.9,5.5,7.6,9.3,32.1,32.8,45.2,48.9,TTADDA_NARO_2023_F1
2023-11-23,6.92,10.45,2.34,93.7,4.5,3.59,6.4,6.4,7.6,9.2,32.4,32.9,45.0,48.6,TTADDA_NARO_2023_F1
2023-11-24,4.52,9.82,-1.09,69.1,0.0,5.55,5.4,6.4,7.9,9.1,33.3,33.9,45.3,48.9,TTADDA_NARO_2023_F1
2023-11-25,-3.1,-0.84,-7.39,55.2,0.0,6.93,2.4,4.2,7.6,9.1,32.3,32.9,45.2,48.9,TTADDA_NARO_2023_F1
2023-11-26,-2.42,2.28,-9.38,56.9,0.0,8.36,1.5,3.1,6.9,8.9,31.4,32.1,45.0,48.6,TTADDA_NARO_2023_F1
2023-11-27,-0.82,6.28,-7.39,73.3,0.0,8.11,1.3,2.7,6.3,8.6,31.2,31.9,44.8,48.2,TTADDA_NARO_2023_F1
2023-11-28,1.14,5.51,-1.26,86.3,6.0,4.99,1.5,2.7,6.0,8.3,31.7,32.2,44.8,48.0,TTADDA_NARO_2023_F1
2023-11-29,-1.17,1.8,-6.32,48.7,0.0,7.98,1.6,2.7,5.8,8.0,31.7,32.3,44.8,48.0,TTADDA_NARO_2023_F1
2023-11-30,-5.15,-1.53,-13.02,50.7,0.0,8.82,1.3,2.4,5.6,7.8,30.8,31.6,44.7,47.9,TTADDA_NARO_2023_F1
